item_id ,product_name,Product_type,sales _date,unit_price,unit_sale,discounted_price,total_price,Gender,Location,Brand_of_the_product
AU001,fruti,Liquid,12-09-2021,30,10,250,300,1,xyz,YYYY
AU002,Sanitiser,Liquid,12-09-2021,120,5,220,600,0,yyx,ZZZZ
AU003,Dish Washer,Liquid,07-05-2021,3545,246,334,872070,0,pqr,SSSS
AU004,Handwash,Liquid,05-03-2021,1102,140,466,154280,1,rta,KLAS
AU005,Dish Washer,Liquid,16-09-2021,1464,300,349,439200,0,kmn,GREATBEAR ST BTX
AU006,Dish Washer,Liquid,18-06-2021,3750,65,370,243750,0,zzz,OUZX
AU007,Dish Washer,Liquid,24-12-2021,1845,93,373,171585,1,pqr,OKLA
AU008,Dish Washer,Liquid,13-07-2021,1725,156,252,269100,0,cvr,FFFF
AU009,Handwash(F),Liquid,09-01-2021,2590,291,335,753690,0,sms,AVALON
AU010,Sanitiser,Liquid,17-10-2021,3401,101,485,343501,1,lll,KLAS
AU011,Handwash(F),Liquid,16-02-2021,1786,10,300,17860,0,lmn,OUZX
AU012,Handwash,Liquid,23-01-2021,2445,226,352,552570,1,kmn,YYYY
AU013,Dish Washer,Liquid,18-01-2021,2849,81,282,230769,1,ucc,IIII
AU014,Handwash(F),Liquid,10-03-2021,2081,85,462,176885,1,lll,YYYY
AU015,Handwash,Liquid,28-11-2021,2368,170,272,402560,1,sas,AVALON
AU016,Handwash(F),Liquid,17-10-2021,3559,64,401,227776,0,zzz,GREATBEAR ST BTX
AU017,Liquid Detergent,Liquid,30-10-2021,2590,242,304,626780,1,sms,MNB
AU018,Handwash(F),Liquid,03-09-2021,4175,7,460,29225,1,rta,GREATBEAR ST BTX
AU019,Dish Washer,Liquid,20-08-2021,3434,97,455,333098,1,ucv,OUZX
AU020,Sanitiser,Liquid,14-02-2021,2117,38,322,80446,1,sms,BBBB
AU021,Dish Washer,Liquid,22-02-2021,1710,160,253,273600,0,ucv,"
CASPIANBTX"
AU022,Handwash(F),Liquid,27-05-2021,2805,39,298,109395,0,sms,PASM
AU023,Sanitiser,Liquid,28-11-2021,1476,166,372,245016,1,art,FFFF
AU024,Dish Washer,Liquid,09-12-2021,1785,165,349,294525,0,ucc,IIII
AU025,Dish Washer,Liquid,02-03-2021,4178,148,299,618344,0,sas,OKLA
AU026,Liquid Detergent,Liquid,26-06-2021,3159,102,350,322218,0,sms,AVALON
AU027,Liquid Detergent,Liquid,26-07-2021,2373,287,328,681051,0,sss,AVALON
AU028,Liquid Detergent,Liquid,17-06-2021,4044,34,341,137496,0,lsj,BBBB
AU029,Handwash,Liquid,29-12-2021,4784,59,294,282256,0,rta,NBGY
AU030,Handwash(F),Liquid,25-06-2021,2908,39,280,113412,1,lll,XXXX
AU031,Handwash(F),Liquid,09-12-2021,1071,168,305,179928,1,kmn,YYYY
AU032,Sanitiser,Liquid,08-07-2021,1298,132,269,171336,0,gst,YYYY
AU033,Sanitiser,Liquid,03-01-2021,3666,227,450,832182,1,sms,GREATBEAR ST BTX
AU034,Liquid Detergent,Liquid,16-01-2021,4951,120,275,594120,0,sas,DDDD
AU035,Liquid Detergent,Liquid,24-06-2021,3424,70,327,239680,0,gst,KLAS
AU036,Handwash,Liquid,13-11-2021,4198,62,422,260276,0,lll,MEGATRON
AU037,Handwash,Liquid,25-12-2021,3598,227,283,816746,1,lll,TMSO
AU038,Liquid Detergent,Liquid,19-10-2021,2147,67,345,143849,1,sas,QJKH
AU039,Soap Bar,Solid,16-09-2021,2884,69,463,198996,1,ucc,KLAS
AU040,Tooth Brush,Solid,05-02-2021,4336,52,339,225472,0,nop,XXXX
AU041,Tooth Brush,Solid,17-12-2021,1453,74,317,107522,1,rta,TIGRISSFFBTX
AU042,Mug,Solid,08-10-2021,1683,179,500,301257,1,sss,BEACHCOMBER
AU043,Tooth Brush,Solid,20-11-2021,4184,187,312,782408,0,zxc,OKLA
AU044,Mug,Solid,30-03-2021,2806,85,387,238510,1,abc,AVALON
AU045,Soap Bar,Solid,06-02-2021,1067,85,391,90695,0,sas,TIGRISSFFBTX
AU046,Mug,Solid,21-07-2021,2166,291,354,630306,1,sms,PARKCITY
AU047,Bucket,Solid,31-03-2021,4022,216,290,868752,1,lll,AAAA
AU048,Mug,Solid,12-10-2021,2720,220,390,598400,1,lsj,PARKCITY
AU049,Bucket,Solid,19-10-2021,1605,148,475,237540,1,art,DDDD
AU050,Soap Bar,Solid,23-07-2021,4993,213,322,1063509,0,zzz,BEACHCOMBER
AU051,Soap Bar,Solid,05-06-2021,4210,80,495,336800,1,kmn,RRRR
AU052,Bucket,Solid,05-08-2021,2567,174,366,446658,1,rta,BEACHCOMBER
AU053,Tooth Brush,Solid,23-10-2021,4432,248,402,1099136,1,sms,YYYY
AU054,Mug,Solid,31-10-2021,2927,242,330,708334,0,rta,OUZX
AU055,Mug,Solid,04-08-2021,1276,271,379,345796,1,kmn,PASM
AU056,Tooth Brush,Solid,01-03-2021,4072,253,333,1030216,0,ijk,HGHY
AU057,Bucket,Solid,25-04-2021,2518,297,497,747846,1,sas,FFFF
AU058,Soap Bar,Solid,08-12-2021,1282,110,394,141020,1,rta,PASM
AU059,Tooth Brush,Solid,28-04-2021,2084,252,308,525168,0,art,EEEE
AU060,Handkerchief,Apparel,19-04-2021,3748,209,393,783332,1,ucc,EEEE
AU061,Tie,Apparel,06-05-2021,4601,109,440,501509,0,nop,AAAA
AU062,Handkerchief,Apparel,01-06-2021,2292,82,497,187944,1,art,YYYY
AU063,Handkerchief,Apparel,25-11-2021,4364,26,317,113464,1,ucv,PASM
AU064,Belt(L),Apparel,25-09-2021,4229,291,429,1230639,1,ucv,BBBB
AU065,Shoes,Apparel,12-11-2021,2200,64,323,140800,1,lll,IIII
AU066,Shoes,Apparel,16-03-2021,1816,137,429,248792,0,lsj,SSSS
AU067,Shoes,Apparel,25-03-2021,1255,186,454,233430,0,sss,AAAA
AU068,Cap,Apparel,24-05-2021,4669,26,318,121394,1,gst,TIGRISSFFBTX
AU069,Belt,Apparel,20-05-2021,3458,51,313,176358,0,sms,OUZX
AU070,Belt,Apparel,31-07-2021,1983,250,276,495750,0,art,TMSO
AU071,Cap,Apparel,16-02-2021,4226,238,301,1005788,0,xyz,NBGY
AU072,Belt(L),Apparel,13-10-2021,1252,262,430,328024,0,sms,MNB
AU073,Belt(L),Apparel,19-03-2021,3096,284,263,879264,1,xyz,FFFF
AU074,Shoes,Apparel,23-11-2021,4810,36,343,173160,1,ucv,DINOBTX
AU075,Cap,Apparel,31-12-2021,1614,163,373,263082,0,art,OUZX
AU076,Wallets,Apparel,06-08-2021,3276,209,296,684684,0,pqr,OKLA
AU077,Belt,Apparel,13-10-2021,3332,171,442,569772,0,ucv,NBGY
AU078,Belt(L),Apparel,10-02-2021,3070,140,434,429800,0,abc,IIII
AU079,Belt(L),Apparel,24-05-2021,4781,279,286,1333899,1,sas,AVALON
AU080,Tie,Apparel,03-06-2021,1513,186,451,281418,1,abc,RRRR
AU081,Handkerchief,Apparel,27-01-2021,4561,200,464,912200,0,art,TIGRISSFFBTX
AU082,Shoes,Apparel,08-09-2021,4540,279,360,1266660,1,ucc,OUZX
AU083,Cap,Apparel,04-07-2021,1695,239,402,405105,0,ucc,RRRR
AU084,Tie,Apparel,19-04-2021,4500,49,372,220500,1,kmn,TMSO
AU085,Cap,Apparel,25-01-2021,2975,70,433,208250,1,gst,CCCC
AU086,Belt(L),Apparel,29-04-2021,2095,300,305,628500,0,ucv,IIII
AU087,Handkerchief,Apparel,31-01-2021,2071,287,366,594377,1,ijk,BEACHCOMBER
AU088,Wallets,Apparel,30-01-2021,3426,113,338,387138,0,nop,TMSO
AU089,Handkerchief,Apparel,26-07-2021,4398,172,320,756456,1,lll,RRRR
AU090,Shoes,Apparel,07-10-2021,2629,198,388,520542,1,zxc,DINOBTX
AU091,Wallets,Apparel,13-05-2021,3571,159,317,567789,1,xyz,OUZX
AU092,Tie,Apparel,28-08-2021,4532,242,280,1096744,0,lmn,YYYY
AU093,Handkerchief,Apparel,30-04-2021,3178,116,498,368648,0,nop,ZZZZ
AU094,Belt(L),Apparel,26-07-2021,2289,121,294,276969,1,ijk,EEEE
AU095,Tie,Apparel,18-01-2021,4152,19,307,78888,0,sss,EEEE
AU096,Tie,Apparel,09-05-2021,2148,257,387,552036,1,ucc,YYYY
AU097,Belt(L),Apparel,20-12-2021,1695,134,345,227130,1,kmn,FFFF
AU098,Tie,Apparel,06-03-2021,4516,280,335,1264480,0,cvr,FFFF
AU099,Cap,Apparel,28-03-2021,4231,63,378,266553,1,zzz,DINOBTX
AU100,Handwash,Liquid,14-04-2021,2049,98,292,200802,0,zxc,TMSO
AU101,Fruti,Liquid,02-03-2021,4251,291,417,1237041,0,lmn,"
CASPIANBTX"
AU102,Liquid Detergent,Liquid,21-01-2021,4338,233,322,1010754,1,sss,NBGY
AU103,Liquid Detergent(N),Liquid,02-11-2021,2726,132,319,359832,0,zxc,FFFF
AU104,Handwash,Liquid,13-03-2021,2658,206,338,547548,0,sas,HGHY
AU105,Liquid Detergent(N),Liquid,30-09-2021,2861,79,287,226019,0,lsj,BEACHCOMBER
AU106,Fruti,Liquid,07-06-2021,2685,22,373,59070,0,sss,ZZZZ
AU107,Fruti,Liquid,18-12-2021,4180,165,441,689700,0,sms,TIGRISSFFBTX
AU108,Fruti,Liquid,04-11-2021,4242,109,350,462378,0,art,SSSS
AU109,Dish Washer,Liquid,18-05-2021,1914,293,396,560802,1,ijk,BBBB
AU110,Fruti,Liquid,07-03-2021,2812,232,367,652384,0,ucv,MEGATRON
AU111,Sanitiser,Liquid,06-09-2021,3857,51,449,196707,0,lmn,GREATBEAR ST BTX
AU112,Fruti,Liquid,01-05-2021,3623,271,379,981833,0,cvr,AVALON
AU113,Liquid Detergent(N),Liquid,15-06-2021,1144,57,318,65208,1,sms,QJKH
AU114,Sanitiser,Liquid,05-07-2021,4938,81,484,399978,1,ijk,MEGATRON
AU115,Fruti,Liquid,07-03-2021,2799,249,424,696951,1,zxc,XXXX
AU116,Dish Washer,Liquid,05-02-2021,4206,130,372,546780,0,sms,QJKH
AU117,Liquid Detergent(N),Liquid,05-10-2021,2503,283,269,708349,0,zxc,OUZX
AU118,Sanitiser,Liquid,03-06-2021,3495,92,255,321540,1,lsj,AVALON
AU119,Liquid Detergent,Liquid,01-06-2021,1785,207,350,369495,0,lll,PARKCITY
AU120,Tie Pin,Apparel,25-10-2021,2378,192,438,456576,1,pqr,DINOBTX
AU121,Trousers,Apparel,07-12-2021,2270,191,486,433570,1,sms,EEEE
AU122,Socks,Apparel,28-08-2021,1263,285,406,359955,0,art,FFFF
AU123,Socks,Apparel,07-12-2021,3033,57,458,172881,1,rta,ZZZZ
AU124,Tie Pin,Apparel,24-11-2021,1187,93,291,110391,0,lsj,OKLA
AU125,Mug,Solid,08-07-2021,1650,151,451,249150,0,ijk,RRRR
AU126,Soap Bar,Solid,03-12-2021,1724,46,450,79304,0,zxc,IIII
AU127,Tooth Brush,Solid,17-10-2021,2305,74,461,170570,0,lmn,PARKCITY
AU128,Bucket,Solid,20-10-2021,2991,41,362,122631,1,art,QJKH
AU129,Tooth Brush,Solid,25-06-2021,1728,157,317,271296,1,sas,PASM
AU130,Soap Bar,Solid,04-11-2021,3431,41,400,140671,1,cvr,OUZX
AU131,Bucket,Solid,30-11-2021,3643,43,486,156649,0,sms,OUZX
AU132,Tooth Brush,Solid,18-11-2021,2305,148,438,341140,1,zxc,TIGRISSFFBTX
AU133,Mug,Solid,20-02-2021,3046,234,354,712764,0,lll,XXXX
AU134,Bucket,Solid,17-01-2021,4422,177,366,782694,0,rta,"
CASPIANBTX"
AU135,Mug,Solid,05-07-2021,2262,8,256,18096,1,art,RRRR
AU136,Bucket,Solid,11-12-2021,1328,136,384,180608,0,gst,"
CASPIANBTX"
AU137,Soap Bar,Solid,20-04-2021,2305,15,398,34575,0,ijk,IIII
AU138,Mug,Solid,24-04-2021,1831,100,339,183100,1,sms,IIII
AU139,Soap Bar,Solid,15-12-2021,1646,44,459,72424,1,zxc,PASM
AU140,Capacitor,Electronics,30-03-2021,2314,39,471,90246,0,nop,KLAS
AU141,Torch,Electronics,17-04-2021,1243,197,393,244871,1,lmn,CCCC
AU142,LED,Electronics,19-07-2021,4646,254,307,1180084,0,zzz,OUZX
AU143,Speaker,Electronics,16-03-2021,3622,37,261,134014,0,ucc,SSSS
AU144,Capacitor,Electronics,13-11-2021,2024,26,479,52624,1,lsj,YYYY
AU145,Emer. Light,Electronics,11-10-2021,4239,253,402,1072467,1,lsj,OUZX
AU146,Capacitor,Electronics,16-05-2021,1473,77,494,113421,0,pqr,TIGRISSFFBTX
AU147,Smart Phone,Electronics,03-08-2021,2334,209,299,487806,0,sms,PARKCITY
AU148,Capacitor,Electronics,16-04-2021,4686,12,260,56232,1,abc,TMSO
AU149,Study Lamp,Electronics,20-08-2021,2227,266,295,592382,1,lll,MEGATRON
AU150,Capacitor,Electronics,20-04-2021,1896,223,344,422808,0,sms,OKLA
AU151,Speaker,Electronics,31-08-2021,2958,76,475,224808,1,cvr,DDDD
AU152,Stablizer,Electronics,25-02-2021,3173,124,251,393452,0,ucc,TMSO
AU153,Capacitor,Electronics,09-10-2021,3589,148,281,531172,1,ijk,SSSS
AU154,LED,Electronics,09-06-2021,2669,139,302,370991,1,ucv,AVALON
AU155,Smart Phone,Electronics,20-02-2021,3460,208,406,719680,0,pqr,DINOBTX
AU156,Stablizer,Electronics,07-06-2021,4639,98,402,454622,0,abc,TIGRISSFFBTX
AU157,Torch,Electronics,29-03-2021,3733,67,469,250111,0,ucc,PASM
AU158,Torch,Electronics,06-04-2021,3659,299,486,1094041,0,lmn,KLAS
AU159,Capacitor,Electronics,10-05-2021,1169,230,469,268870,1,pqr,OUZX
AU160,Study Lamp,Electronics,19-02-2021,4064,285,398,1158240,0,cvr,EEEE
AU161,Capacitor,Electronics,01-03-2021,2378,126,310,299628,1,lll,MNB
AU162,Torch,Electronics,10-01-2021,3784,236,487,893024,0,lmn,RRRR
AU163,Cu-Wire,Electronics,21-11-2021,2197,150,386,329550,0,xyz,KLAS
AU164,Smart Phone,Electronics,16-06-2021,2157,134,422,289038,0,zxc,NBGY
AU165,Torch,Electronics,28-02-2021,4588,144,424,660672,1,ucc,OUZX
AU166,Smart Phone,Electronics,08-12-2021,4399,245,397,1077755,1,art,MNB
AU167,Smart Phone,Electronics,22-04-2021,2318,268,415,621224,0,gst,DINOBTX
AU168,Speaker,Electronics,14-10-2021,4938,287,277,1417206,1,kmn,AVALON
AU169,Smart Phone,Electronics,22-10-2021,1802,224,400,403648,0,rta,PARKCITY
AU170,Speaker,Electronics,17-05-2021,1975,158,294,312050,0,cvr,TMSO
AU171,Study Lamp,Electronics,17-12-2021,3476,64,402,222464,0,lmn,TMSO
AU172,Torch,Electronics,23-06-2021,3137,222,475,696414,0,ucc,BEACHCOMBER
AU173,LED,Electronics,03-09-2021,1353,21,419,28413,0,sms,FFFF
AU174,Study Lamp,Electronics,12-10-2021,4980,31,294,154380,0,zxc,GREATBEAR ST BTX
AU175,Stablizer,Electronics,07-12-2021,1253,235,306,294455,1,gst,NBGY
AU176,Cu-Wire,Electronics,27-05-2021,4727,203,349,959581,0,ijk,EEEE
AU177,Stablizer,Electronics,25-12-2021,2177,192,277,417984,0,rta,BBBB
AU178,Study Lamp,Electronics,28-05-2021,4448,214,500,951872,1,abc,XXXX
AU179,Torch,Electronics,11-12-2021,3078,284,414,874152,0,lsj,OUZX
AU180,Scrap Book,Study/Books,08-09-2021,1118,229,374,256022,0,nop,EEEE
AU181,Pencil,Study/Books,12-07-2021,3780,62,351,234360,0,lsj,PARKCITY
AU182,Pencil,Study/Books,13-08-2021,2065,293,332,605045,0,ijk,AVALON
AU183,Scrap Book,Study/Books,27-06-2021,1868,251,403,468868,0,abc,GREATBEAR ST BTX
AU184,Crayons,Study/Books,18-05-2021,4853,85,445,412505,1,ijk,IIII
AU185,Scrap Book,Study/Books,13-12-2021,3874,171,287,662454,1,kmn,MEGATRON
AU186,Pen,Study/Books,12-01-2021,2670,146,386,389820,1,cvr,SSSS
AU187,Pen,Study/Books,05-08-2021,4167,130,439,541710,0,zzz,RRRR
AU188,Pen,Study/Books,19-12-2021,2687,31,428,83297,1,zzz,XXXX
AU189,Pen,Study/Books,15-05-2021,3270,38,301,124260,1,abc,IIII
AU190,A4 Paper,Study/Books,06-10-2021,1611,275,419,443025,1,sss,DINOBTX
AU191,Pencil,Study/Books,24-11-2021,4105,206,472,845630,1,ucv,AAAA
AU192,Pencil,Study/Books,10-08-2021,3524,123,337,433452,1,sas,TIGRISSFFBTX
AU193,Pen,Study/Books,21-03-2021,2484,144,368,357696,0,lll,EEEE
AU194,A4 Paper,Study/Books,28-02-2021,4046,158,449,639268,1,xyz,OKLA
AU195,Scrap Book,Study/Books,18-02-2021,2729,38,307,103702,1,zxc,ZZZZ
AU196,Scrap Book,Study/Books,09-07-2021,3154,280,422,883120,0,lsj,TIGRISSFFBTX
AU197,Pencil,Study/Books,23-01-2021,2737,213,399,582981,1,lll,AAAA
AU198,A4 Paper,Study/Books,03-08-2021,2949,50,390,147450,1,sms,KLAS
AU199,Pen,Study/Books,07-12-2021,3228,142,256,458376,1,lll,BEACHCOMBER
AU200,Scrap Book,Study/Books,23-02-2021,3290,180,405,592200,1,xyz,FFFF
AU201,Pencil,Study/Books,07-06-2021,2590,64,416,165760,0,kmn,TIGRISSFFBTX
AU202,Pencil,Study/Books,08-10-2021,3011,29,449,87319,0,gst,QJKH
AU203,Scrap Book,Study/Books,14-02-2021,1406,229,337,321974,1,cvr,"
CASPIANBTX"
AU204,Scrap Book,Study/Books,09-10-2021,3028,53,268,160484,0,nop,FFFF
AU205,A4 Paper,Study/Books,10-01-2021,1758,249,376,437742,0,sms,EEEE
AU206,A4 Paper,Study/Books,31-10-2021,3383,94,387,318002,1,sms,PASM
AU207,Pencil,Study/Books,18-12-2021,4416,4,448,17664,1,rta,OKLA
AU208,Pencil,Study/Books,13-04-2021,2249,275,398,618475,1,rta,GREATBEAR ST BTX
AU209,Pencil,Study/Books,22-03-2021,3820,126,445,481320,0,sms,BBBB
AU210,Socket,Electronics,03-09-2021,3183,54,404,171882,1,sms,TIGRISSFFBTX
AU211,Tube Light,Electronics,04-02-2021,1909,1,482,1909,0,rta,EEEE
AU212,Capacitor,Electronics,24-09-2021,4034,87,424,350958,0,sms,FFFF
AU213,Cu-Wire,Electronics,26-09-2021,2669,93,338,248217,1,ucc,QJKH
AU214,Cu-Wire,Electronics,06-04-2021,4216,35,451,147560,1,gst,MNB
AU215,Socket,Electronics,14-08-2021,3554,23,336,81742,1,sss,DINOBTX
AU216,LED,Electronics,04-05-2021,3791,54,476,204714,0,rta,"
CASPIANBTX"
AU217,Smart Phone,Electronics,17-03-2021,1264,266,442,336224,0,abc,NBGY
AU218,LED,Electronics,12-08-2021,2946,260,481,765960,1,sas,ZZZZ
AU219,Capacitor,Electronics,01-03-2021,3865,130,346,502450,1,zzz,OUZX
AU220,Torch,Electronics,26-06-2021,2114,42,431,88788,1,nop,TIGRISSFFBTX
AU221,Socket,Electronics,16-10-2021,2487,194,483,482478,1,sas,PARKCITY
AU222,Motor,Electronics,11-11-2021,3988,144,341,574272,0,rta,XXXX
AU223,Tube Light,Electronics,28-07-2021,2721,254,256,691134,0,lsj,HGHY
AU224,Stablizer,Electronics,15-04-2021,1082,204,401,220728,0,ucv,NBGY
AU225,Socket,Electronics,20-01-2021,2549,138,436,351762,1,art,PASM
AU226,Stablizer,Electronics,29-05-2021,3822,165,438,630630,1,lll,DINOBTX
AU227,Capacitor,Electronics,12-06-2021,4254,129,260,548766,0,abc,IIII
AU228,Motor,Electronics,27-03-2021,2715,173,486,469695,1,zzz,DDDD
AU229,Socket,Electronics,27-05-2021,1753,114,499,199842,1,sss,SSSS
AU230,Capacitor,Electronics,03-10-2021,3433,152,446,521816,1,sss,RRRR
AU231,Smart Phone,Electronics,23-08-2021,3277,11,284,36047,1,ucv,BEACHCOMBER
AU232,Tube Light,Electronics,16-03-2021,4877,246,293,1199742,1,ijk,XXXX
AU233,Cu-Wire,Electronics,19-08-2021,1121,120,447,134520,0,pqr,YYYY
AU234,LED,Electronics,28-07-2021,3202,31,304,99262,1,zzz,SSSS
AU235,Stablizer,Electronics,30-03-2021,2262,157,426,355134,0,pqr,GREATBEAR ST BTX
AU236,Socket,Electronics,20-12-2021,3492,93,444,324756,1,pqr,MNB
AU237,LED,Electronics,05-06-2021,3946,295,427,1164070,0,abc,HGHY
AU238,LED,Electronics,29-09-2021,4291,153,441,656523,0,zxc,GREATBEAR ST BTX
AU239,Motor,Electronics,08-08-2021,2411,137,466,330307,1,abc,EEEE
AU240,Smart Phone,Electronics,09-09-2021,3016,31,360,93496,1,ucv,HGHY
AU241,Tube Light,Electronics,27-07-2021,3712,90,389,334080,0,lsj,TIGRISSFFBTX
AU242,Tube Light,Electronics,05-08-2021,3586,59,405,211574,0,ucc,OKLA
AU243,Stablizer,Electronics,31-01-2021,1070,289,261,309230,1,sss,YYYY
AU244,Smart Phone,Electronics,26-10-2021,2043,99,344,202257,0,ucv,QJKH
AU245,LED,Electronics,14-10-2021,1534,167,363,256178,0,lsj,GREATBEAR ST BTX
AU246,Torch,Electronics,02-08-2021,1162,123,352,142926,1,lsj,EEEE
AU247,Torch,Electronics,02-10-2021,4850,118,413,572300,0,lll,CCCC
AU248,Torch,Electronics,27-04-2021,3437,156,407,536172,0,pqr,PARKCITY
AU249,Socket,Electronics,08-09-2021,3662,167,278,611554,1,lmn,TIGRISSFFBTX
AU250,Liquid Detergent,Liquid,16-12-2021,1134,68,263,77112,0,rta,DINOBTX
AU251,Liquid Detergent,Liquid,22-03-2021,4925,203,321,999775,0,sas,BEACHCOMBER
AU252,Dish Washer,Liquid,19-10-2021,3832,226,437,866032,1,ucc,IIII
AU253,Handwash,Liquid,02-06-2021,4086,277,319,1131822,0,zxc,SSSS
AU254,Liquid Detergent,Liquid,27-09-2021,2996,142,304,425432,0,zxc,AAAA
AU255,Sanitiser,Liquid,18-11-2021,3388,91,440,308308,0,zxc,OUZX
AU256,Handwash,Liquid,10-05-2021,2671,276,336,737196,1,lll,RRRR
AU257,Liquid Detergent,Liquid,08-03-2021,2254,204,417,459816,0,cvr,TIGRISSFFBTX
AU258,Sanitiser,Liquid,24-03-2021,1522,113,286,171986,0,zxc,MNB
AU259,Dish Washer,Liquid,14-07-2021,1141,7,301,7987,0,sss,RRRR
AU260,Liquid Detergent,Liquid,14-02-2021,4918,125,296,614750,1,cvr,TMSO
AU261,Sanitiser,Liquid,22-08-2021,3117,273,439,850941,1,rta,YYYY
AU262,Sanitiser,Liquid,13-09-2021,4838,132,285,638616,0,sms,AVALON
AU263,Handwash,Liquid,04-02-2021,3843,66,286,253638,1,zzz,NBGY
AU264,Liquid Detergent,Liquid,03-12-2021,3605,84,435,302820,1,sss,YYYY
AU265,Sanitiser,Liquid,27-01-2021,1495,119,460,177905,1,kmn,HGHY
AU266,Dish Washer,Liquid,28-09-2021,4234,14,375,59276,1,nop,BBBB
AU267,Dish Washer,Liquid,03-03-2021,4434,68,467,301512,1,rta,HGHY
AU268,Liquid Detergent,Liquid,22-04-2021,1826,256,365,467456,0,zzz,XXXX
AU269,Sanitiser,Liquid,16-09-2021,3988,175,378,697900,1,gst,BBBB
AU270,Diary,Study/Books,25-12-2021,4344,236,477,1025184,0,art,IIII
AU271,Spectrum,Study/Books,06-10-2021,3733,220,467,821260,0,zzz,MNB
AU272,Atlas,Study/Books,07-05-2021,4763,205,352,976415,0,ucc,PASM
AU273,Diary,Study/Books,26-12-2021,3419,126,419,430794,1,lmn,RRRR
AU274,Globe,Study/Books,03-05-2021,4164,85,352,353940,0,cvr,"
CASPIANBTX"
AU275,Atlas,Study/Books,12-06-2021,2346,261,472,612306,1,gst,XXXX
AU276,Spectrum,Study/Books,29-07-2021,1132,211,353,238852,1,lsj,OUZX
AU277,Laxmikanth,Study/Books,11-03-2021,2602,293,492,762386,1,cvr,PASM
AU278,Spectrum,Study/Books,15-08-2021,3505,218,267,764090,1,pqr,"
CASPIANBTX"
AU279,Diary,Study/Books,28-02-2021,1238,1,324,1238,0,sss,PASM
AU280,Atlas,Study/Books,03-09-2021,4595,129,499,592755,0,pqr,PASM
AU281,Laxmikanth,Study/Books,29-01-2021,3974,99,304,393426,1,sss,TMSO
AU282,Scrap Book,Study/Books,11-01-2021,2001,163,482,326163,0,zxc,QJKH
AU283,Diary,Study/Books,15-08-2021,2165,271,266,586715,0,xyz,RRRR
AU284,Spectrum,Study/Books,16-07-2021,4938,144,307,711072,1,lsj,MNB
AU285,Globe,Study/Books,03-10-2021,3717,219,351,814023,1,ucc,TMSO
AU286,Diary,Study/Books,18-09-2021,2135,140,490,298900,0,lmn,MEGATRON
AU287,Laxmikanth,Study/Books,01-09-2021,2670,214,491,571380,0,pqr,OKLA
AU288,Diary,Study/Books,19-11-2021,3059,270,313,825930,0,sas,NBGY
AU289,Globe,Study/Books,31-01-2021,2266,166,466,376156,0,art,AAAA
AU290,Atlas,Study/Books,25-12-2021,2180,54,363,117720,1,lsj,BBBB
AU291,Atlas,Study/Books,15-03-2021,3592,260,455,933920,1,gst,BBBB
AU292,Laxmikanth,Study/Books,22-10-2021,4167,73,425,304191,0,rta,MNB
AU293,Atlas,Study/Books,19-05-2021,2575,99,462,254925,1,cvr,BBBB
AU294,Atlas,Study/Books,10-03-2021,2088,82,462,171216,1,art,TIGRISSFFBTX
AU295,Diary,Study/Books,05-06-2021,4047,93,341,376371,1,lsj,DINOBTX
AU296,Spectrum,Study/Books,27-04-2021,2531,172,475,435332,0,pqr,AAAA
AU297,Atlas,Study/Books,24-08-2021,4497,206,457,926382,1,cvr,EEEE
AU298,Diary,Study/Books,12-07-2021,1730,206,421,356380,1,rta,AAAA
AU299,Globe,Study/Books,10-12-2021,2830,298,489,843340,1,pqr,MNB
AU300,Spectrum,Study/Books,17-01-2021,4933,4,494,19732,0,sss,SSSS
AU301,Laxmikanth,Study/Books,20-10-2021,1833,41,434,75153,0,lll,OUZX
AU302,Atlas,Study/Books,19-02-2021,3271,13,350,42523,0,kmn,TIGRISSFFBTX
AU303,Laxmikanth,Study/Books,07-10-2021,3835,248,314,951080,0,lll,BEACHCOMBER
AU304,Globe,Study/Books,22-07-2021,1417,32,436,45344,0,ucv,BEACHCOMBER
AU305,Scrap Book,Study/Books,02-07-2021,2595,173,372,448935,1,sms,QJKH
AU306,Diary,Study/Books,29-05-2021,2633,12,370,31596,1,pqr,AVALON
AU307,Scrap Book,Study/Books,01-11-2021,4274,238,333,1017212,0,kmn,DDDD
AU308,Spectrum,Study/Books,07-09-2021,1404,56,323,78624,0,lsj,DINOBTX
AU309,Spectrum,Study/Books,23-08-2021,2877,141,353,405657,1,pqr,IIII
AU310,Atlas,Study/Books,08-02-2021,2574,121,308,311454,1,lsj,QJKH
AU311,Mop,Solid,11-12-2021,4480,158,311,707840,1,sas,HGHY
AU312,Lofa,Solid,13-02-2021,3301,189,389,623889,1,sss,TMSO
AU313,Mug,Solid,20-09-2021,1847,123,355,227181,0,ijk,AVALON
AU314,Mop,Solid,16-05-2021,2724,94,316,256056,1,ucv,MEGATRON
AU315,Lofa,Solid,29-09-2021,3419,118,475,403442,1,art,TIGRISSFFBTX
AU316,Bucket,Solid,27-11-2021,4163,216,372,899208,0,ijk,RRRR
AU317,Bucket,Solid,17-08-2021,1551,15,423,23265,1,xyz,HGHY
AU318,Mop,Solid,05-04-2021,4365,149,306,650385,0,cvr,ZZZZ
AU319,Bucket,Solid,01-11-2021,1817,250,338,454250,0,abc,BEACHCOMBER
AU320,Bucket,Solid,19-12-2021,2819,282,441,794958,1,gst,SSSS
AU321,Lofa,Solid,19-09-2021,1759,300,313,527700,0,rta,CCCC
AU322,Mop,Solid,13-07-2021,2552,37,474,94424,1,ucv,NBGY
AU323,Mop,Solid,18-05-2021,2088,37,399,77256,1,zxc,HGHY
AU324,Mop,Solid,14-08-2021,2383,208,255,495664,1,lll,ZZZZ
AU325,Lofa,Solid,23-01-2021,1660,78,384,129480,0,lmn,TMSO
AU326,Bucket,Solid,21-08-2021,1979,160,262,316640,1,art,QJKH
AU327,Bucket,Solid,11-11-2021,1293,103,422,133179,1,gst,DDDD
AU328,Lofa,Solid,25-02-2021,4950,155,456,767250,1,gst,DDDD
AU329,Lofa,Solid,16-10-2021,3350,16,446,53600,0,lmn,"
CASPIANBTX"
AU330,Bucket,Solid,28-05-2021,1881,248,479,466488,0,ijk,OUZX
AU331,Lofa,Solid,17-11-2021,1346,139,377,187094,1,pqr,PASM
AU332,Mug,Solid,30-11-2021,1126,44,431,49544,0,sas,YYYY
AU333,Mop,Solid,17-10-2021,3176,35,461,111160,1,gst,MEGATRON
AU334,Bucket,Solid,23-12-2021,1923,148,381,284604,0,rta,OUZX
AU335,Mop,Solid,16-07-2021,2014,63,294,126882,0,pqr,HGHY
AU336,Lofa,Solid,03-10-2021,1580,218,390,344440,0,art,TIGRISSFFBTX
AU337,Mop,Solid,18-10-2021,3801,111,365,421911,0,art,PARKCITY
AU338,Bucket,Solid,23-07-2021,1308,70,331,91560,0,sms,GREATBEAR ST BTX
AU339,Mug,Solid,27-12-2021,3134,34,279,106556,1,abc,"
CASPIANBTX"
AU340,Bucket,Solid,03-04-2021,2172,9,343,19548,1,ucv,KLAS
AU341,Mop,Solid,13-03-2021,4720,78,336,368160,1,kmn,YYYY
AU342,Lofa,Solid,23-12-2021,2715,254,326,689610,1,art,AVALON
AU343,Mop,Solid,29-09-2021,4036,92,454,371312,1,sas,DINOBTX
AU344,Mop,Solid,16-12-2021,1351,39,267,52689,1,sas,AVALON
AU345,Mop,Solid,07-07-2021,4580,185,407,847300,0,lmn,MEGATRON
AU346,Bucket,Solid,26-08-2021,2805,184,436,516120,1,art,DDDD
AU347,Bucket,Solid,01-06-2021,3919,90,260,352710,1,zzz,SSSS
AU348,Bucket,Solid,25-06-2021,2787,160,353,445920,0,sas,BBBB
AU349,Bucket,Solid,21-11-2021,2972,258,340,766776,1,lll,RRRR
AU350,Antiseptic,Liquid,20-05-2021,2416,40,335,96640,0,rta,PASM
AU351,Toilet Cleanser,Liquid,09-08-2021,3951,151,359,596601,1,art,CCCC
AU352,Toilet Cleanser,Liquid,25-08-2021,2605,167,482,435035,0,gst,OUZX
AU353,Antiseptic,Liquid,26-08-2021,2361,259,439,611499,0,sss,EEEE
AU354,Toilet Cleanser,Liquid,11-08-2021,3713,145,262,538385,1,zxc,QJKH
AU355,Cough Syrup,Liquid,24-04-2021,3347,299,372,1000753,0,sms,TMSO
AU356,Cough Syrup,Liquid,19-04-2021,3743,85,289,318155,0,abc,HGHY
AU357,Antiseptic,Liquid,25-12-2021,1952,45,337,87840,1,lmn,CCCC
AU358,Antiseptic,Liquid,29-11-2021,3983,18,396,71694,1,sms,YYYY
AU359,Antiseptic,Liquid,14-04-2021,3488,137,369,477856,0,sss,PARKCITY
AU360,Phenyl,Liquid,20-07-2021,2755,214,498,589570,1,pqr,DDDD
AU361,Toilet Cleanser,Liquid,15-09-2021,1534,6,412,9204,0,ijk,TMSO
AU362,Toilet Cleanser,Liquid,15-12-2021,3549,252,341,894348,0,xyz,EEEE
AU363,Toilet Cleanser,Liquid,01-09-2021,3826,81,427,309906,1,sas,CCCC
AU364,Toilet Cleanser,Liquid,01-12-2021,3802,163,390,619726,0,art,RRRR
AU365,Cough Syrup,Liquid,12-12-2021,1089,219,353,238491,1,zzz,KLAS
AU366,Antiseptic,Liquid,29-04-2021,4638,228,384,1057464,1,sas,IIII
AU367,Phenyl,Liquid,03-10-2021,4339,98,316,425222,1,pqr,MNB
AU368,Antiseptic,Liquid,16-08-2021,2644,60,379,158640,1,ucv,HGHY
AU369,Cough Syrup,Liquid,16-12-2021,1462,101,437,147662,0,sss,EEEE
AU370,Cough Syrup,Liquid,21-01-2021,3600,169,273,608400,0,zzz,AVALON
AU371,Cough Syrup,Liquid,25-11-2021,4885,209,272,1020965,0,kmn,GREATBEAR ST BTX
AU372,Cough Syrup,Liquid,05-07-2021,2694,29,334,78126,1,xyz,XXXX
AU373,Phenyl,Liquid,09-04-2021,1392,295,384,410640,1,gst,MNB
AU374,Cough Syrup,Liquid,01-07-2021,4595,288,354,1323360,1,art,YYYY
AU375,Cough Syrup,Liquid,08-08-2021,1903,226,326,430078,1,sss,TIGRISSFFBTX
AU376,Cough Syrup,Liquid,21-03-2021,1091,144,405,157104,1,rta,NBGY
AU377,Antiseptic,Liquid,14-05-2021,2437,293,314,714041,0,ucv,MNB
AU378,Phenyl,Liquid,25-03-2021,2791,134,343,373994,0,lmn,KLAS
AU379,Antiseptic,Liquid,21-03-2021,3393,45,351,152685,1,pqr,HGHY
AU380,Laxmikanth,Study/Books,14-02-2021,1081,32,469,34592,1,zxc,PASM
AU381,Diary,Study/Books,11-12-2021,3605,139,320,501095,1,cvr,DDDD
AU382,Laxmikanth,Study/Books,08-12-2021,4642,265,456,1230130,0,sms,"
CASPIANBTX"
AU383,Laxmikanth,Study/Books,18-06-2021,3301,155,381,511655,0,rta,BEACHCOMBER
AU384,Laxmikanth,Study/Books,23-08-2021,2874,132,333,379368,0,ucc,GREATBEAR ST BTX
AU385,Scrap Book,Study/Books,10-09-2021,2890,167,487,482630,0,zzz,GREATBEAR ST BTX
AU386,Globe,Study/Books,10-02-2021,2098,66,398,138468,1,art,YYYY
AU387,Globe,Study/Books,26-07-2021,1627,79,304,128533,1,sas,"
CASPIANBTX"
AU388,Atlas,Study/Books,15-05-2021,1019,265,427,270035,0,sss,KLAS
AU389,Diary,Study/Books,15-09-2021,4262,172,460,733064,1,sas,SSSS
AU390,Spectrum,Study/Books,27-05-2021,1083,187,326,202521,1,art,FFFF
AU391,Scrap Book,Study/Books,28-09-2021,4656,237,485,1103472,0,rta,EEEE
AU392,Atlas,Study/Books,14-07-2021,4307,298,251,1283486,0,rta,MNB
AU393,Scrap Book,Study/Books,08-12-2021,3107,111,325,344877,0,sms,EEEE
AU394,Diary,Study/Books,22-11-2021,2391,75,371,179325,1,xyz,GREATBEAR ST BTX
AU395,Laxmikanth,Study/Books,07-05-2021,2228,271,292,603788,1,lll,KLAS
AU396,Scrap Book,Study/Books,27-06-2021,3787,189,471,715743,1,nop,CCCC
AU397,Laxmikanth,Study/Books,17-04-2021,2245,122,484,273890,1,gst,TMSO
AU398,Atlas,Study/Books,30-10-2021,2668,120,272,320160,1,art,OUZX
AU399,Globe,Study/Books,27-10-2021,1672,154,353,257488,1,lmn,MNB
AU400,Laxmikanth,Study/Books,04-01-2021,1692,51,311,86292,1,zxc,ZZZZ
AU401,Atlas,Study/Books,30-08-2021,2869,21,396,60249,0,sss,HGHY
AU402,Laxmikanth,Study/Books,25-09-2021,1140,120,257,136800,0,ucv,CCCC
AU403,Laxmikanth,Study/Books,18-03-2021,2192,131,355,287152,1,lmn,BBBB
AU404,Diary,Study/Books,02-10-2021,4561,28,411,127708,1,kmn,OKLA
AU405,Scrap Book,Study/Books,07-09-2021,2535,281,297,712335,0,ijk,CCCC
AU406,Globe,Study/Books,26-06-2021,4098,248,256,1016304,1,rta,ZZZZ
AU407,Laxmikanth,Study/Books,18-07-2021,4560,57,370,259920,0,pqr,AVALON
AU408,Spectrum,Study/Books,21-08-2021,3345,294,413,983430,1,abc,TIGRISSFFBTX
AU409,Diary,Study/Books,08-05-2021,2163,27,435,58401,1,lll,GREATBEAR ST BTX
AU410,Scrap Book,Study/Books,18-11-2021,4510,3,476,13530,1,abc,RRRR
AU411,Diary,Study/Books,10-02-2021,2691,90,439,242190,1,zzz,DINOBTX
AU412,Laxmikanth,Study/Books,01-10-2021,1649,132,378,217668,0,sas,BEACHCOMBER
AU413,Scrap Book,Study/Books,21-07-2021,2309,273,302,630357,0,sms,GREATBEAR ST BTX
AU414,Globe,Study/Books,07-05-2021,4221,84,383,354564,1,lsj,DDDD
AU415,Atlas,Study/Books,21-04-2021,3586,225,425,806850,1,zxc,SSSS
AU416,Globe,Study/Books,12-12-2021,2253,266,324,599298,1,sms,SSSS
AU417,Globe,Study/Books,14-11-2021,3723,115,464,428145,1,gst,TIGRISSFFBTX
AU418,Globe,Study/Books,23-08-2021,2991,237,263,708867,1,lsj,OUZX
AU419,Diary,Study/Books,14-04-2021,4240,252,309,1068480,1,zxc,EEEE
AU420,Atlas,Study/Books,05-03-2021,2161,59,468,127499,0,sas,AVALON
AU421,Globe,Study/Books,01-10-2021,2171,214,421,464594,1,cvr,GREATBEAR ST BTX
AU422,Laxmikanth,Study/Books,13-11-2021,4767,165,301,786555,0,gst,NBGY
AU423,Globe,Study/Books,23-08-2021,3629,107,427,388303,0,gst,EEEE
AU424,Scrap Book,Study/Books,12-02-2021,4186,230,327,962780,0,sms,EEEE
AU425,Atlas,Study/Books,28-07-2021,3547,291,409,1032177,0,cvr,FFFF
AU426,Spectrum,Study/Books,31-01-2021,4470,192,314,858240,0,sas,OUZX
AU427,Laxmikanth,Study/Books,11-06-2021,1839,140,488,257460,1,rta,OKLA
AU428,Spectrum,Study/Books,28-04-2021,2815,1,454,2815,0,ucv,PARKCITY
AU429,Globe,Study/Books,01-05-2021,4589,96,381,440544,0,ijk,PASM
AU430,Diary,Study/Books,30-08-2021,3558,190,447,676020,0,zxc,MEGATRON
AU431,Diary,Study/Books,12-08-2021,1347,210,306,282870,1,lll,CCCC
AU432,Atlas,Study/Books,11-02-2021,1717,213,297,365721,0,lll,OKLA
AU433,Atlas,Study/Books,08-11-2021,1371,26,306,35646,0,lll,FFFF
AU434,Globe,Study/Books,31-03-2021,1570,69,260,108330,1,sas,PARKCITY
AU435,Atlas,Study/Books,19-08-2021,2806,265,275,743590,1,abc,IIII
AU436,Globe,Study/Books,23-03-2021,2978,81,280,241218,1,gst,KLAS
AU437,Atlas,Study/Books,16-12-2021,3931,235,375,923785,1,lsj,KLAS
AU438,Atlas,Study/Books,01-12-2021,3259,289,290,941851,1,ucv,IIII
AU439,Spectrum,Study/Books,07-12-2021,1316,180,433,236880,1,rta,AAAA
AU440,LED,Electronics,12-01-2021,4047,19,468,76893,0,lmn,OKLA
AU441,Torch,Electronics,10-02-2021,1776,119,281,211344,0,zzz,TIGRISSFFBTX
AU442,Socket,Electronics,03-03-2021,2580,245,354,632100,1,xyz,XXXX
AU443,Capacitor,Electronics,24-08-2021,2751,263,360,723513,0,rta,ZZZZ
AU444,Tube Light,Electronics,17-04-2021,1500,62,484,93000,0,sms,"
CASPIANBTX"
AU445,Stablizer,Electronics,25-03-2021,2504,274,282,686096,1,ijk,KLAS
AU446,Motor,Electronics,21-04-2021,1182,210,401,248220,1,ijk,XXXX
AU447,Motor,Electronics,16-04-2021,3356,264,468,885984,1,ijk,EEEE
AU448,Motor,Electronics,13-12-2021,3014,216,394,651024,0,kmn,DINOBTX
AU449,Torch,Electronics,12-06-2021,4764,26,458,123864,1,lsj,MNB
AU450,Torch,Electronics,30-11-2021,1134,268,294,303912,1,sas,SSSS
AU451,Torch,Electronics,10-11-2021,4387,252,410,1105524,1,cvr,BBBB
AU452,Cu-Wire,Electronics,19-06-2021,2887,40,343,115480,1,ucc,TIGRISSFFBTX
AU453,LED,Electronics,25-10-2021,2321,17,300,39457,1,sms,TMSO
AU454,Motor,Electronics,10-11-2021,4082,11,473,44902,1,kmn,TMSO
AU455,Cu-Wire,Electronics,20-02-2021,3915,195,355,763425,0,zzz,BEACHCOMBER
AU456,Cu-Wire,Electronics,11-01-2021,4230,53,493,224190,1,rta,OKLA
AU457,Motor,Electronics,10-01-2021,1307,165,276,215655,1,ijk,TIGRISSFFBTX
AU458,Stablizer,Electronics,01-06-2021,1682,157,359,264074,0,zzz,DINOBTX
AU459,Tube Light,Electronics,28-09-2021,2631,282,302,741942,1,sms,"
CASPIANBTX"
AU460,Laptop,Electronics,26-06-2021,2165,10,317,21650,1,art,BEACHCOMBER
AU461,Cu-Wire,Electronics,02-04-2021,1326,43,328,57018,1,lsj,IIII
AU462,Torch,Electronics,12-05-2021,3911,161,370,629671,1,ucc,CCCC
AU463,Laptop,Electronics,12-03-2021,4297,100,376,429700,1,xyz,TIGRISSFFBTX
AU464,Cu-Wire,Electronics,25-02-2021,4486,285,332,1278510,1,sms,AAAA
AU465,Tube Light,Electronics,17-12-2021,1440,209,346,300960,1,art,IIII
AU466,Stablizer,Electronics,24-03-2021,1086,42,260,45612,0,zzz,MEGATRON
AU467,Motor,Electronics,05-10-2021,3225,280,463,903000,0,gst,FFFF
AU468,Motor,Electronics,24-05-2021,2785,151,404,420535,0,gst,HGHY
AU469,Tie,Apparel,05-11-2021,3879,194,250,752526,0,ucc,EEEE
AU470,Belt(L),Apparel,02-12-2021,4048,258,474,1044384,0,abc,NBGY
AU471,Belt(L),Apparel,31-12-2021,2122,271,290,575062,0,abc,IIII
AU472,Tie,Apparel,12-03-2021,2243,209,341,468787,0,nop,NBGY
AU473,Tie,Apparel,25-12-2021,2773,54,360,149742,0,ucc,PARKCITY
AU474,Belt(L),Apparel,10-08-2021,1653,188,500,310764,0,gst,OKLA
AU475,Belt(L),Apparel,18-08-2021,2824,187,266,528088,0,ucc,DDDD
AU476,Tie,Apparel,23-01-2021,3573,275,460,982575,0,gst,MNB
AU477,Belt(L),Apparel,03-02-2021,4752,177,345,841104,1,kmn,KLAS
AU478,Tie,Apparel,26-11-2021,3783,66,392,249678,1,sms,NBGY
AU479,Belt(L),Apparel,09-01-2021,3775,57,384,215175,0,sss,FFFF
AU480,Wallets,Apparel,05-10-2021,2121,239,434,506919,1,gst,TMSO
AU481,Belt(L),Apparel,26-06-2021,1706,219,300,373614,0,gst,AVALON
AU482,Belt,Apparel,13-01-2021,2623,105,456,275415,0,pqr,GREATBEAR ST BTX
AU483,Belt(L),Apparel,08-08-2021,3532,270,335,953640,0,sms,TIGRISSFFBTX
AU484,Wallets,Apparel,21-03-2021,4787,27,376,129249,1,lll,CCCC
AU485,Tie,Apparel,21-12-2021,1135,298,476,338230,1,sms,TIGRISSFFBTX
AU486,Belt,Apparel,25-03-2021,2889,78,414,225342,1,lll,AVALON
AU487,Tie,Apparel,28-03-2021,4910,57,466,279870,1,ucc,SSSS
AU488,Tie,Apparel,01-12-2021,1181,42,362,49602,1,pqr,FFFF
AU489,Tie,Apparel,22-11-2021,2682,282,379,756324,1,sms,QJKH
AU490,Wallets,Apparel,23-11-2021,4609,150,282,691350,1,art,BBBB
AU491,Tie,Apparel,02-04-2021,1606,298,396,478588,0,sms,MEGATRON
AU492,Wallets,Apparel,03-04-2021,1793,259,375,464387,0,xyz,MEGATRON
AU493,Belt(L),Apparel,12-05-2021,3643,254,490,925322,0,lll,MEGATRON
AU494,Wallets,Apparel,27-06-2021,4164,217,406,903588,0,sss,MEGATRON
AU495,Belt,Apparel,15-05-2021,2968,155,300,460040,0,gst,"
CASPIANBTX"
AU496,Toilet Cleanser,Liquid,29-08-2021,4021,216,388,868536,1,nop,CCCC
AU497,Antiseptic,Liquid,09-04-2021,1229,23,491,28267,1,sas,OUZX
AU498,Cough Syrup,Liquid,02-04-2021,3719,240,466,892560,0,ucv,XXXX
AU499,Cough Syrup,Liquid,31-03-2021,3456,15,440,51840,0,pqr,DDDD
AU500,LED,Electronics,11-11-2021,1054,82,562,86428,1,sas,DINOBTX
AU501,Toilet Cleanser,Liquid,19-05-2021,4606,227,472,1045562,0,dem,KLAS
AU502,Cough Syrup,Liquid,21-09-2021,3377,176,273,594352,0,ucv,RRRR
AU503,Toilet Cleanser,Liquid,24-11-2021,4408,101,347,445208,0,abc,"
CASPIANBTX"
AU504,Antiseptic,Liquid,08-03-2021,4183,272,597,1137776,0,lsj,RRRR
AU505,Cough Syrup,Liquid,11-11-2021,4350,227,280,987450,0,sms,DINOBTX
AU506,Toilet Cleanser,Liquid,30-09-2021,3535,270,511,954450,0,xyz,CCCC
AU507,Antiseptic,Liquid,26-06-2021,4928,142,518,699776,1,lmn,YYYY
AU508,Phenyl,Liquid,05-07-2021,3355,142,160,476410,0,sms,"
CASPIANBTX"
AU509,Antiseptic,Liquid,20-02-2021,3763,219,191,824097,0,kmn,XXXX
AU510,Phenyl,Liquid,05-01-2021,4539,267,569,1211913,1,sss,KLAS
AU511,Antiseptic,Liquid,06-03-2021,4628,258,529,1194024,1,zzz,KLAS
AU512,Antiseptic,Liquid,09-02-2021,4132,194,200,801608,0,gst,NBGY
AU513,Tube Light,Electronics,03-02-2021,3995,256,512,1022720,0,cvr,KLAS
AU514,Torch,Electronics,13-11-2021,3909,234,191,914706,0,sss,MEGATRON
AU515,LED,Electronics,18-08-2021,4719,261,359,1231659,1,sas,PASM
AU516,Cu-Wire,Electronics,30-08-2021,3008,206,154,619648,0,cvr,DDDD
AU517,Tube Light,Electronics,18-02-2021,3133,213,275,667329,1,sas,KLAS
AU518,Cu-Wire,Electronics,02-05-2021,3611,200,164,722200,0,ucc,OKLA
AU519,Stablizer,Electronics,16-07-2021,4972,101,485,502172,1,xyz,RRRR
AU520,Motor,Electronics,11-07-2021,3998,292,249,1167416,0,cds,SSSS
AU521,Torch,Electronics,04-11-2021,3586,187,493,670582,1,lsj,BEACHCOMBER
AU522,Torch,Electronics,13-12-2021,4366,136,419,593776,1,sms,OUZX
AU523,Capacitor,Electronics,26-05-2021,3343,120,211,401160,0,nyc,PASM
AU524,Torch,Electronics,14-09-2021,4647,187,509,868989,1,gst,YYYY
AU525,LED,Electronics,03-11-2021,4155,145,543,602475,1,zzz,PARKCITY
AU526,LED,Electronics,03-12-2021,4822,290,193,1398380,1,dem,NBGY
AU527,Motor,Electronics,01-06-2021,4824,114,432,549936,0,gst,GREATBEAR ST BTX
AU528,Spectrum,Study/Books,23-08-2021,4648,182,470,845936,0,cds,TMSO
AU529,Diary,Study/Books,01-05-2021,4957,285,243,1412745,1,cds,MEGATRON
AU530,Spectrum,Study/Books,03-11-2021,3850,157,151,604450,1,cds,YYYY
AU531,Diary,Study/Books,03-09-2021,4057,125,369,507125,1,gst,"
CASPIANBTX"
AU532,Globe,Study/Books,30-08-2021,4199,216,348,906984,1,nyc,GREATBEAR ST BTX
AU533,Globe,Study/Books,13-12-2021,3624,152,190,550848,1,sms,MEGATRON
AU534,Capacitor,Electronics,08-01-2021,4119,242,575,996798,0,sas,XXXX
AU535,Motor,Electronics,30-05-2021,4705,226,523,1063330,0,lmn,PASM
AU536,Tube Light,Electronics,26-08-2021,4077,213,382,868401,0,dem,XXXX
AU537,Torch,Electronics,21-06-2021,3012,203,508,611436,1,pqr,NBGY
AU538,LED,Electronics,27-07-2021,4339,171,290,741969,0,zxc,GREATBEAR ST BTX
AU539,LED,Electronics,13-05-2021,4707,144,328,677808,1,ijk,IIII
AU540,Cu-Wire,Electronics,20-10-2021,4010,124,475,497240,1,ucc,TMSO
AU541,Stablizer,Electronics,18-09-2021,3679,102,552,375258,0,ijk,MNB
AU542,Stablizer,Electronics,23-10-2021,3148,167,255,525716,0,art,CCCC
AU543,Stablizer,Electronics,30-05-2021,4836,229,215,1107444,0,sas,CCCC
AU544,Torch,Electronics,17-05-2021,3559,285,161,1014315,0,sas,GREATBEAR ST BTX
AU545,Socket,Electronics,12-10-2021,3524,103,443,362972,0,abc,CCCC
AU546,Motor,Electronics,18-07-2021,4543,186,510,844998,0,cvr,IIII
AU547,Tube Light,Electronics,12-06-2021,4983,254,376,1265682,1,art,NBGY
AU548,Tube Light,Electronics,19-02-2021,3334,132,211,440088,1,abc,AVALON
AU549,Cu-Wire,Electronics,25-12-2021,4585,189,364,866565,1,sas,DDDD
AU550,LED,Electronics,25-04-2021,3509,177,539,621093,0,abc,FFFF
AU551,Torch,Electronics,29-08-2021,3209,110,220,352990,1,abc,CCCC
AU552,Motor,Electronics,29-09-2021,3816,151,382,576216,1,kmn,EEEE
AU553,Cu-Wire,Electronics,20-10-2021,3352,153,223,512856,1,zzz,DDDD
AU554,Tube Light,Electronics,28-11-2021,4664,125,461,583000,0,ijk,NBGY
AU555,Torch,Electronics,20-02-2021,4238,286,542,1212068,1,art,IIII
AU556,Socket,Electronics,12-11-2021,3374,116,318,391384,0,sms,TIGRISSFFBTX
AU557,Motor,Electronics,11-07-2021,3069,142,418,435798,0,ucc,OUZX
AU558,Torch,Electronics,30-03-2021,3563,248,484,883624,1,lmn,XXXX
AU559,Stablizer,Electronics,21-06-2021,3174,163,394,517362,0,lmn,ZZZZ
AU560,Cu-Wire,Electronics,29-08-2021,3514,263,179,924182,0,cds,TIGRISSFFBTX
AU561,Capacitor,Electronics,12-05-2021,3907,279,511,1090053,1,ijk,HGHY
AU562,Capacitor,Electronics,31-01-2021,4498,202,452,908596,1,gst,BBBB
AU563,Tube Light,Electronics,03-06-2021,4978,289,223,1438642,1,sas,AAAA
AU564,Torch,Electronics,08-10-2021,4695,279,241,1309905,0,zxc,"
CASPIANBTX"
AU565,Socket,Electronics,19-05-2021,3601,147,203,529347,1,gst,FFFF
AU566,LED,Electronics,01-08-2021,4319,167,263,721273,1,ucc,IIII
AU567,Stablizer,Electronics,24-05-2021,3127,260,564,813020,0,nyc,KLAS
AU568,Socket,Electronics,30-10-2021,4176,235,267,981360,0,abc,CCCC
AU569,Capacitor,Electronics,23-01-2021,3458,163,349,563654,0,gst,TMSO
AU570,Stablizer,Electronics,28-01-2021,3616,282,171,1019712,0,pqr,EEEE
AU571,Socket,Electronics,23-12-2021,3800,207,449,786600,0,pqr,MNB
AU572,Stablizer,Electronics,22-01-2021,3809,191,382,727519,1,gst,SSSS
AU573,Torch,Electronics,14-12-2021,4577,157,254,718589,1,gst,PARKCITY
AU574,Tube Light,Electronics,17-06-2021,3608,180,511,649440,0,nyc,ZZZZ
AU575,Capacitor,Electronics,23-05-2021,3928,153,183,600984,1,dem,RRRR
AU576,Socket,Electronics,15-07-2021,4307,120,477,516840,0,sms,KLAS
AU577,Torch,Electronics,13-12-2021,4416,258,233,1139328,1,ijk,ZZZZ
AU578,LED,Electronics,09-05-2021,3613,253,237,914089,1,rta,HGHY
AU579,Torch,Electronics,16-11-2021,4824,140,537,675360,0,xyz,CCCC
AU580,Socket,Electronics,04-08-2021,3543,210,544,744030,1,gst,TIGRISSFFBTX
AU581,Socket,Electronics,28-06-2021,4025,255,413,1026375,1,nop,IIII
AU582,Motor,Electronics,05-05-2021,4678,108,173,505224,0,lsj,BEACHCOMBER
AU583,LED,Electronics,28-04-2021,4644,140,254,650160,0,art,HGHY
AU584,Capacitor,Electronics,20-10-2021,4364,249,420,1086636,0,sss,EEEE
AU585,Socket,Electronics,28-03-2021,4081,241,223,983521,0,nop,MNB
AU586,Torch,Electronics,31-12-2021,4666,222,207,1035852,1,kmn,MEGATRON
AU587,Cu-Wire,Electronics,12-01-2021,3028,186,372,563208,1,sss,OUZX
AU588,Torch,Electronics,28-03-2021,4086,134,494,547524,1,art,IIII
AU589,Capacitor,Electronics,10-09-2021,4505,110,248,495550,0,lsj,RRRR
AU590,Motor,Electronics,08-06-2021,4990,220,194,1097800,1,sms,TMSO
AU591,LED,Electronics,03-07-2021,3596,300,503,1078800,1,cvr,BBBB
AU592,Tube Light,Electronics,29-04-2021,3727,152,350,566504,0,ucc,AAAA
AU593,Tube Light,Electronics,21-12-2021,3117,276,455,860292,1,lll,BEACHCOMBER
AU594,LED,Electronics,24-12-2021,3273,276,243,903348,1,ucc,NBGY
AU595,Cu-Wire,Electronics,08-03-2021,3877,100,426,387700,1,lsj,PARKCITY
AU596,Cu-Wire,Electronics,20-12-2021,3590,146,384,524140,0,lll,"
CASPIANBTX"
AU597,Tube Light,Electronics,23-10-2021,4166,130,456,541580,1,nyc,YYYY
AU598,LED,Electronics,07-02-2021,3211,277,459,889447,0,xyz,PASM
AU599,Capacitor,Electronics,07-10-2021,4670,102,470,476340,0,art,SSSS
AU600,Tooth Brush,Solid,05-10-2021,3444,265,215,912660,1,lsj,TIGRISSFFBTX
AU601,Mug,Solid,09-10-2021,3757,221,262,830297,1,ijk,PARKCITY
AU602,Tooth Brush,Solid,06-06-2021,3971,130,450,516230,1,sas,AVALON
AU603,Tooth Brush,Solid,03-02-2021,3382,294,202,994308,1,lmn,MEGATRON
AU604,Bucket,Solid,17-05-2021,3018,269,524,811842,0,abc,EEEE
AU605,Soap Bar,Solid,08-04-2021,3131,127,378,397637,0,sms,TMSO
AU606,Soap Bar,Solid,19-11-2021,3627,251,164,910377,1,sss,GREATBEAR ST BTX
AU607,Bucket,Solid,17-01-2021,4583,107,154,490381,0,lsj,BEACHCOMBER
AU608,Soap Bar,Solid,17-03-2021,3383,279,370,943857,0,cvr,MEGATRON
AU609,Tooth Brush,Solid,11-07-2021,3045,122,475,371490,0,sas,DDDD
AU610,Bucket,Solid,25-08-2021,4491,252,311,1131732,0,kmn,MEGATRON
AU611,Tooth Brush,Solid,20-06-2021,4258,124,593,527992,0,lll,ZZZZ
AU612,Soap Bar,Solid,02-01-2021,3341,247,356,825227,0,dem,TIGRISSFFBTX
AU613,Soap Bar,Solid,22-03-2021,4099,258,264,1057542,1,sss,PASM
AU614,Mug,Solid,07-10-2021,4966,186,221,923676,1,ucv,QJKH
AU615,Soap Bar,Solid,24-01-2021,3460,115,443,397900,1,dem,OUZX
AU616,Soap Bar,Solid,13-12-2021,4308,112,393,482496,0,ucc,PASM
AU617,Bucket,Solid,20-03-2021,4405,165,396,726825,0,zzz,AVALON
AU618,Mug,Solid,27-01-2021,4357,251,434,1093607,0,sas,TMSO
AU619,Mug,Solid,01-08-2021,3959,236,174,934324,0,lll,HGHY
AU620,Mug,Solid,20-01-2021,3026,256,272,774656,1,lmn,YYYY
AU621,Tooth Brush,Solid,07-11-2021,4779,108,250,516132,0,lll,DINOBTX
AU622,Tooth Brush,Solid,12-02-2021,4371,230,179,1005330,1,ijk,MNB
AU623,Wallets,Apparel,17-09-2021,4029,107,450,431103,0,abc,MEGATRON
AU624,Tie,Apparel,07-03-2021,4996,196,509,979216,1,lmn,EEEE
AU625,Suitcase,Apparel,14-08-2021,3384,179,168,605736,1,gst,DDDD
AU626,Belt(L),Apparel,01-11-2021,4355,148,519,644540,0,xyz,OKLA
AU627,Belt(L),Apparel,26-07-2021,4763,144,276,685872,1,ijk,RRRR
AU628,Suitcase,Apparel,20-11-2021,3319,198,267,657162,0,ijk,BBBB
AU629,Belt,Apparel,08-12-2021,3337,271,523,904327,1,art,MEGATRON
AU630,Tie,Apparel,29-08-2021,3325,254,296,844550,0,cvr,IIII
AU631,Wallets,Apparel,28-06-2021,4762,184,236,876208,0,nop,NBGY
AU632,Tie,Apparel,17-04-2021,4966,248,297,1231568,0,sss,TMSO
AU633,Suitcase,Apparel,01-05-2021,3446,222,251,765012,0,gst,PARKCITY
AU634,Belt,Apparel,14-10-2021,4714,182,331,857948,1,zzz,DINOBTX
AU635,Wallets,Apparel,02-01-2021,4849,202,412,979498,0,sss,PASM
AU636,Wallets,Apparel,14-10-2021,4509,275,528,1239975,0,lmn,MNB
AU637,Vests,Apparel,06-01-2021,3596,189,332,679644,1,ucc,AVALON
AU638,Tie,Apparel,27-01-2021,3895,216,204,841320,0,abc,"
CASPIANBTX"
AU639,Wallets,Apparel,06-07-2021,3711,297,551,1102167,0,cds,ZZZZ
AU640,Suitcase,Apparel,17-03-2021,3727,125,357,465875,0,ucc,KLAS
AU641,Belt(L),Apparel,05-12-2021,3401,264,227,897864,0,lsj,SSSS
AU642,Tie,Apparel,03-06-2021,4438,133,436,590254,1,ucc,"
CASPIANBTX"
AU643,Belt(L),Apparel,10-10-2021,3048,270,472,822960,1,kmn,DDDD
AU644,Belt(L),Apparel,26-01-2021,3542,103,272,364826,1,lsj,HGHY
AU645,Suitcase,Apparel,17-12-2021,3273,123,441,402579,1,nyc,QJKH
AU646,Belt,Apparel,17-10-2021,4389,126,297,553014,1,kmn,MEGATRON
AU647,Belt,Apparel,06-08-2021,3015,214,385,645210,0,gst,XXXX
AU648,Vests,Apparel,12-04-2021,3743,200,452,748600,0,xyz,ZZZZ
AU649,Vests,Apparel,06-11-2021,3480,149,151,518520,1,ijk,DDDD
AU650,Tie,Apparel,01-03-2021,3965,171,474,678015,1,cds,PARKCITY
AU651,Belt,Apparel,04-01-2021,4282,183,581,783606,1,ucv,RRRR
AU652,Belt,Apparel,27-11-2021,3481,229,200,797149,0,pqr,"
CASPIANBTX"
AU653,Wallets,Apparel,09-07-2021,3523,300,150,1056900,0,sas,SSSS
AU654,Belt(L),Apparel,20-03-2021,3969,255,556,1012095,1,xyz,OUZX
AU655,Tie,Apparel,22-09-2021,4959,220,302,1090980,1,cvr,"
CASPIANBTX"
AU656,Belt(L),Apparel,13-10-2021,3594,183,288,657702,1,lmn,DINOBTX
AU657,Suitcase,Apparel,25-11-2021,3379,120,580,405480,0,art,OUZX
AU658,Wallets,Apparel,14-10-2021,3983,268,175,1067444,1,ucv,RRRR
AU659,Tie,Apparel,01-10-2021,4293,121,512,519453,1,lll,NBGY
AU660,Belt(L),Apparel,28-07-2021,4995,233,498,1163835,1,cds,AVALON
AU661,Suitcase,Apparel,02-06-2021,3571,269,163,960599,1,ijk,GREATBEAR ST BTX
AU662,Belt,Apparel,11-01-2021,3010,151,472,454510,1,zzz,GREATBEAR ST BTX
AU663,Atlas,Study/Books,29-01-2021,3962,136,311,538832,0,ucc,YYYY
AU664,Spectrum,Study/Books,17-07-2021,3809,284,401,1081756,1,sss,PASM
AU665,Diary,Study/Books,26-07-2021,3496,100,487,349600,1,cds,TMSO
AU666,Globe,Study/Books,03-04-2021,4393,241,184,1058713,1,zxc,TIGRISSFFBTX
AU667,Scrap Book,Study/Books,20-01-2021,4236,272,165,1152192,0,zxc,QJKH
AU668,Scrap Book,Study/Books,01-05-2021,3153,177,596,558081,0,xyz,FFFF
AU669,Spectrum,Study/Books,15-01-2021,4330,109,250,471970,0,cvr,GREATBEAR ST BTX
AU670,Laxmikanth,Study/Books,03-06-2021,4243,130,265,551590,1,xyz,BEACHCOMBER
AU671,Atlas,Study/Books,02-11-2021,4053,248,425,1005144,0,art,MEGATRON
AU672,Diary,Study/Books,01-07-2021,3190,271,207,864490,0,xyz,"
CASPIANBTX"
AU673,Laxmikanth,Study/Books,13-12-2021,4048,242,529,979616,1,nyc,FFFF
AU674,Scrap Book,Study/Books,24-03-2021,4956,242,306,1199352,1,gst,MEGATRON
AU675,Diary,Study/Books,08-12-2021,3816,200,353,763200,1,gst,XXXX
AU676,Atlas,Study/Books,21-05-2021,4263,256,327,1091328,0,sas,NBGY
AU677,Globe,Study/Books,11-05-2021,3170,144,543,456480,0,pqr,FFFF
AU678,Globe,Study/Books,02-12-2021,3680,280,345,1030400,0,ucv,CCCC
AU679,Diary,Study/Books,13-01-2021,4704,191,217,898464,1,nyc,RRRR
AU680,Diary,Study/Books,04-02-2021,4764,124,589,590736,1,ijk,MNB
AU681,Diary,Study/Books,27-01-2021,4621,240,464,1109040,0,rta,DDDD
AU682,Laxmikanth,Study/Books,24-02-2021,4640,112,254,519680,1,lsj,FFFF
AU683,Atlas,Study/Books,23-07-2021,4469,240,249,1072560,0,lsj,PARKCITY
AU684,Laxmikanth,Study/Books,24-12-2021,3204,278,257,890712,1,sms,GREATBEAR ST BTX
AU685,Spectrum,Study/Books,03-11-2021,3111,111,551,345321,1,ijk,TMSO
AU686,Globe,Study/Books,30-08-2021,4503,276,194,1242828,0,pqr,PASM
AU687,Atlas,Study/Books,17-03-2021,3679,232,289,853528,0,abc,"
CASPIANBTX"
AU688,Atlas,Study/Books,22-07-2021,3663,208,166,761904,0,ucc,OKLA
AU689,Diary,Study/Books,29-11-2021,3066,261,408,800226,0,lll,OUZX
AU690,Laxmikanth,Study/Books,21-02-2021,4943,275,333,1359325,1,xyz,IIII
AU691,Atlas,Study/Books,05-02-2021,3239,118,230,382202,0,xyz,BBBB
AU692,Scrap Book,Study/Books,21-07-2021,4119,284,525,1169796,1,xyz,QJKH
AU693,Atlas,Study/Books,19-08-2021,3611,242,466,873862,1,nyc,CCCC
AU694,Globe,Study/Books,20-11-2021,4358,250,421,1089500,1,cds,KLAS
AU695,Atlas,Study/Books,23-01-2021,4137,245,478,1013565,0,cvr,GREATBEAR ST BTX
AU696,Diary,Study/Books,22-02-2021,3432,100,226,343200,0,lmn,ZZZZ
AU697,Laxmikanth,Study/Books,02-06-2021,3076,197,266,605972,0,pqr,MNB
AU698,Atlas,Study/Books,13-02-2021,4476,117,526,523692,1,cvr,YYYY
AU699,Atlas,Study/Books,18-01-2021,3175,171,577,542925,1,kmn,YYYY
AU700,Handwash(F),Liquid,13-04-2021,3983,119,282,473977,0,dem,OKLA
AU701,Handwash(F),Liquid,17-07-2021,4281,239,516,1023159,0,art,MEGATRON
AU702,Handwash,Liquid,03-12-2021,4078,159,545,648402,0,lll,TIGRISSFFBTX
AU703,Sanitiser,Liquid,24-12-2021,3566,287,194,1023442,1,ucv,TIGRISSFFBTX
AU704,Sanitiser,Liquid,25-08-2021,4047,104,530,420888,0,art,OKLA
AU705,Handwash(F),Liquid,25-09-2021,4468,108,337,482544,1,lll,GREATBEAR ST BTX
AU706,Liquid Detergent,Liquid,19-05-2021,4797,177,352,849069,1,rta,RRRR
AU707,Sanitiser,Liquid,09-01-2021,4220,231,567,974820,0,ucv,DINOBTX
AU708,Dish Washer,Liquid,17-09-2021,3563,153,197,545139,1,cvr,ZZZZ
AU709,Handwash,Liquid,12-10-2021,3816,231,521,881496,0,zzz,OUZX
AU710,Handwash(F),Liquid,02-08-2021,3135,163,510,511005,1,lmn,OKLA
AU711,Sanitiser,Liquid,09-06-2021,3886,168,516,652848,1,lmn,MNB
AU712,Dish Washer,Liquid,25-05-2021,4331,239,217,1035109,1,kmn,DINOBTX
AU713,Dish Washer,Liquid,06-04-2021,4951,255,191,1262505,0,ijk,HGHY
AU714,Dish Washer,Liquid,25-12-2021,4034,125,212,504250,1,cds,XXXX
AU715,Dish Washer,Liquid,25-12-2021,3987,196,154,781452,1,sms,MEGATRON
AU716,Sanitiser,Liquid,16-12-2021,4551,267,255,1215117,1,cds,NBGY
AU717,Handwash,Liquid,05-09-2021,3956,219,472,866364,0,ucc,MEGATRON
AU718,Liquid Detergent,Liquid,21-02-2021,4969,281,289,1396289,1,sss,"
CASPIANBTX"
AU719,Sanitiser,Liquid,11-09-2021,4694,130,560,610220,1,zzz,MNB
AU720,Handwash,Liquid,07-10-2021,3544,295,524,1045480,1,lll,OUZX
AU721,Handwash(F),Liquid,15-12-2021,3963,134,206,531042,1,lll,QJKH
AU722,Liquid Detergent,Liquid,19-11-2021,3641,246,383,895686,1,cvr,FFFF
AU723,Dish Washer,Liquid,10-01-2021,3111,296,428,920856,1,sms,ZZZZ
AU724,Dish Washer,Liquid,08-08-2021,3201,225,241,720225,0,zxc,AAAA
AU725,Handwash,Liquid,27-12-2021,4255,130,226,553150,1,zzz,HGHY
AU726,Dish Washer,Liquid,11-05-2021,3858,270,208,1041660,1,pqr,"
CASPIANBTX"
AU727,Handwash,Liquid,15-11-2021,3790,213,352,807270,0,nop,RRRR
AU728,Handwash(F),Liquid,22-10-2021,3249,165,369,536085,0,abc,RRRR
AU729,Handwash(F),Liquid,07-11-2021,3859,291,165,1122969,1,lsj,DINOBTX
AU730,Liquid Detergent,Liquid,11-10-2021,4596,255,432,1171980,0,ucc,DDDD
AU731,Handwash,Liquid,10-01-2021,3291,181,446,595671,1,cds,OKLA
AU732,Sanitiser,Liquid,20-08-2021,3262,155,351,505610,0,ucc,DDDD
AU733,Liquid Detergent,Liquid,06-11-2021,4632,153,473,708696,1,art,ZZZZ
AU734,Handwash(F),Liquid,17-02-2021,3633,205,284,744765,1,lsj,AAAA
AU735,Handwash(F),Liquid,09-08-2021,3510,214,586,751140,0,pqr,RRRR
AU736,Handwash(F),Liquid,28-02-2021,4947,105,156,519435,1,zxc,DINOBTX
AU737,Handwash,Liquid,03-07-2021,3193,176,401,561968,1,lll,PASM
AU738,Dish Washer,Liquid,09-09-2021,3965,235,267,931775,0,pqr,DINOBTX
AU739,LED,Electronics,09-12-2021,4672,186,284,868992,0,cvr,TMSO
AU740,Study Lamp,Electronics,28-08-2021,4212,191,503,804492,1,gst,GREATBEAR ST BTX
AU741,Capacitor,Electronics,16-05-2021,4296,299,467,1284504,0,abc,RRRR
AU742,Speaker,Electronics,12-03-2021,3860,275,432,1061500,0,art,BEACHCOMBER
AU743,Cu-Wire,Electronics,22-12-2021,3455,193,404,666815,1,lmn,NBGY
AU744,Speaker,Electronics,30-08-2021,4233,226,515,956658,1,nyc,IIII
AU745,LED,Electronics,09-11-2021,3905,164,213,640420,0,cvr,AAAA
AU746,Study Lamp,Electronics,22-06-2021,4323,281,426,1214763,1,ijk,DDDD
AU747,LED,Electronics,13-06-2021,4641,151,563,700791,0,gst,PARKCITY
AU748,LED,Electronics,04-04-2021,3829,150,166,574350,1,nop,MNB
AU749,Stablizer,Electronics,11-10-2021,3239,176,564,570064,0,sss,IIII
AU750,Capacitor,Electronics,29-11-2021,4376,134,578,586384,0,ucc,AVALON
AU751,Stablizer,Electronics,24-11-2021,4421,102,215,450942,1,nyc,PASM
AU752,Smart Phone,Electronics,01-11-2021,4965,145,510,719925,0,abc,PARKCITY
AU753,Torch,Electronics,05-03-2021,4108,232,340,953056,0,lmn,"
CASPIANBTX"
AU754,Stablizer,Electronics,15-01-2021,4967,170,557,844390,1,art,OUZX
AU755,Speaker,Electronics,01-04-2021,3372,110,372,370920,1,cds,SSSS
AU756,Study Lamp,Electronics,25-01-2021,4135,108,413,446580,1,abc,OKLA
AU757,Smart Phone,Electronics,02-09-2021,4381,197,377,863057,0,art,KLAS
AU758,Emer. Light,Electronics,08-03-2021,3766,233,170,877478,1,pqr,FFFF
AU759,Study Lamp,Electronics,02-10-2021,3129,206,228,644574,0,pqr,PASM
AU760,Speaker,Electronics,26-02-2021,3066,214,423,656124,1,ijk,HGHY
AU761,Emer. Light,Electronics,12-03-2021,4794,101,292,484194,1,xyz,EEEE
AU762,Speaker,Electronics,05-02-2021,3327,283,575,941541,1,lll,AVALON
AU763,Torch,Electronics,10-05-2021,3277,185,262,606245,1,cvr,BBBB
AU764,Study Lamp,Electronics,15-02-2021,3530,162,419,571860,1,gst,CCCC
AU765,Emer. Light,Electronics,27-02-2021,4104,273,516,1120392,1,ucv,TMSO
AU766,Speaker,Electronics,23-08-2021,3288,260,306,854880,0,gst,TMSO
AU767,Speaker,Electronics,02-08-2021,3716,201,467,746916,0,rta,SSSS
AU768,Emer. Light,Electronics,02-08-2021,4936,180,169,888480,1,nop,DDDD
AU769,Stablizer,Electronics,18-02-2021,3388,127,586,430276,0,zzz,OKLA
AU770,Speaker,Electronics,22-04-2021,4151,212,467,880012,1,gst,QJKH
AU771,LED,Electronics,09-08-2021,3938,203,585,799414,0,sms,MEGATRON
AU772,Stablizer,Electronics,08-03-2021,4650,103,525,478950,0,sas,XXXX
AU773,Smart Phone,Electronics,29-11-2021,4859,177,542,860043,0,cds,DDDD
AU774,Smart Phone,Electronics,30-09-2021,3587,111,203,398157,0,nyc,SSSS
AU775,Stablizer,Electronics,16-08-2021,3263,108,595,352404,1,ucv,CCCC
AU776,LED,Electronics,05-03-2021,3070,151,416,463570,0,xyz,OUZX
AU777,Capacitor,Electronics,24-12-2021,3125,211,157,659375,1,nyc,MNB
AU778,Emer. Light,Electronics,13-12-2021,3058,212,243,648296,0,xyz,BBBB
AU779,Speaker,Electronics,28-08-2021,4157,106,387,440642,0,sms,OKLA
AU780,Torch,Electronics,15-07-2021,3522,232,151,817104,1,xyz,NBGY
AU781,Speaker,Electronics,13-03-2021,4809,233,176,1120497,0,sas,RRRR
AU782,Capacitor,Electronics,03-09-2021,3637,234,220,851058,1,nyc,PASM
AU783,Emer. Light,Electronics,09-05-2021,3940,228,424,898320,1,rta,QJKH
AU784,Study Lamp,Electronics,03-10-2021,4031,292,177,1177052,0,rta,DDDD
AU785,Cu-Wire,Electronics,10-09-2021,4754,222,159,1055388,1,dem,TMSO
AU786,Smart Phone,Electronics,26-11-2021,3213,111,596,356643,0,rta,AAAA
AU787,Speaker,Electronics,30-01-2021,4442,101,178,448642,0,zzz,"
CASPIANBTX"
AU788,Torch,Electronics,23-05-2021,4063,218,431,885734,0,ijk,QJKH
AU789,Emer. Light,Electronics,04-05-2021,3647,283,388,1032101,1,gst,BBBB
AU790,Suitcase,Apparel,04-12-2021,3535,169,379,597415,1,lsj,BEACHCOMBER
AU791,Wallets,Apparel,21-08-2021,4725,136,551,642600,1,abc,BBBB
AU792,Wallets,Apparel,25-12-2021,4723,188,271,887924,1,cds,TIGRISSFFBTX
AU793,Wallets,Apparel,22-11-2021,4854,237,297,1150398,0,dem,MNB
AU794,Belt,Apparel,12-02-2021,4854,284,498,1378536,0,dem,DINOBTX
AU795,Belt,Apparel,10-12-2021,3564,104,173,370656,1,nyc,FFFF
AU796,Tie,Apparel,01-10-2021,3697,223,258,824431,1,sas,DINOBTX
AU797,Suitcase,Apparel,17-04-2021,3131,163,547,510353,1,nop,PASM
AU798,Belt(L),Apparel,25-03-2021,4407,256,219,1128192,1,sss,BBBB
AU799,Belt(L),Apparel,12-10-2021,4675,108,158,504900,1,nop,AAAA
AU800,Belt(L),Apparel,08-06-2021,4199,182,226,764218,1,xyz,GREATBEAR ST BTX
AU801,Belt,Apparel,02-01-2021,4469,238,150,1063622,0,ucc,KLAS
AU802,Vests,Apparel,10-06-2021,4340,131,335,568540,1,lll,SSSS
AU803,Wallets,Apparel,03-08-2021,3886,150,333,582900,1,sss,BEACHCOMBER
AU804,Wallets,Apparel,14-12-2021,4544,167,583,758848,0,gst,QJKH
AU805,Tie,Apparel,02-09-2021,3920,297,292,1164240,0,pqr,FFFF
AU806,Belt,Apparel,21-11-2021,4116,289,244,1189524,0,rta,XXXX
AU807,Vests,Apparel,21-11-2021,4697,136,299,638792,0,sms,"
CASPIANBTX"
AU808,Belt(L),Apparel,08-01-2021,4341,235,553,1020135,0,rta,YYYY
AU809,Vests,Apparel,04-02-2021,4087,194,321,792878,1,zzz,XXXX
AU810,Tie,Apparel,09-08-2021,3552,240,571,852480,1,nyc,QJKH
AU811,Belt,Apparel,11-07-2021,4012,201,243,806412,0,abc,AAAA
AU812,Belt(L),Apparel,13-10-2021,4453,288,237,1282464,0,xyz,AVALON
AU813,Vests,Apparel,05-08-2021,4303,283,564,1217749,1,ucc,TMSO
AU814,Vests,Apparel,08-03-2021,3116,240,288,747840,0,cvr,RRRR
AU815,Wallets,Apparel,17-01-2021,4152,217,536,900984,1,nyc,BBBB
AU816,Belt,Apparel,13-11-2021,3660,182,150,666120,0,rta,OUZX
AU817,Suitcase,Apparel,30-05-2021,3520,107,258,376640,1,zzz,AAAA
AU818,Belt(L),Apparel,25-05-2021,4944,228,219,1127232,1,cvr,HGHY
AU819,Belt,Apparel,08-11-2021,4097,132,570,540804,1,xyz,PARKCITY
AU820,Belt(L),Apparel,09-07-2021,4090,236,560,965240,0,nyc,RRRR
AU821,Suitcase,Apparel,26-02-2021,3069,288,358,883872,0,nop,YYYY
AU822,Wallets,Apparel,20-05-2021,3523,230,157,810290,1,cds,AAAA
AU823,Vests,Apparel,10-01-2021,4480,210,290,940800,0,nyc,KLAS
AU824,Belt,Apparel,19-04-2021,3413,285,427,972705,0,lsj,MNB
AU825,Tie,Apparel,11-01-2021,3555,145,364,515475,0,zxc,PARKCITY
AU826,Belt,Apparel,20-01-2021,4322,125,439,540250,1,zzz,BBBB
AU827,Belt,Apparel,04-03-2021,4736,125,550,592000,1,lmn,CCCC
AU828,Vests,Apparel,19-11-2021,3818,287,225,1095766,0,gst,"
CASPIANBTX"
AU829,Wallets,Apparel,23-09-2021,4652,119,578,553588,0,sms,"
CASPIANBTX"
AU830,Belt(L),Apparel,13-06-2021,3816,271,385,1034136,0,pqr,QJKH
AU831,Vests,Apparel,14-11-2021,4009,259,431,1038331,1,cds,TMSO
AU832,Tie,Apparel,29-08-2021,4490,282,528,1266180,0,abc,IIII
AU833,Suitcase,Apparel,22-06-2021,4603,149,420,685847,1,dem,TIGRISSFFBTX
AU834,Belt,Apparel,21-04-2021,4102,142,237,582484,0,xyz,OUZX
AU835,Belt(L),Apparel,07-04-2021,4156,113,483,469628,1,cds,FFFF
AU836,Wallets,Apparel,09-06-2021,3887,119,538,462553,1,nop,AVALON
AU837,Tie,Apparel,09-10-2021,4963,102,296,506226,0,nyc,AAAA
AU838,Belt,Apparel,04-10-2021,4074,229,295,932946,0,dem,KLAS
AU839,Tie,Apparel,20-08-2021,4044,246,543,994824,1,sss,PARKCITY
AU840,Belt(L),Apparel,26-07-2021,3674,281,438,1032394,1,cvr,RRRR
AU841,Belt,Apparel,27-01-2021,4092,205,257,838860,1,ijk,TIGRISSFFBTX
AU842,Belt,Apparel,07-08-2021,3597,163,514,586311,1,abc,OUZX
AU843,Belt(L),Apparel,21-07-2021,4806,183,438,879498,1,zxc,"
CASPIANBTX"
AU844,Vests,Apparel,07-09-2021,4542,208,300,944736,0,lmn,KLAS
AU845,Suitcase,Apparel,06-10-2021,4358,224,292,976192,1,lll,MNB
AU846,Belt(L),Apparel,12-05-2021,4429,189,360,837081,0,sss,AAAA
AU847,Wallets,Apparel,25-04-2021,3893,271,545,1055003,1,art,YYYY
AU848,Wallets,Apparel,16-12-2021,4581,198,239,907038,0,cvr,OUZX
AU849,Suitcase,Apparel,07-12-2021,4923,262,257,1289826,0,rta,"
CASPIANBTX"
AU850,Vests,Apparel,25-12-2021,3957,246,188,973422,1,pqr,IIII
AU851,Phone,Electronics,24-02-2021,4493,128,545,575104,1,cvr,OKLA
AU852,Tube Light,Electronics,20-10-2021,4652,133,288,618716,1,art,ZZZZ
AU853,Socket,Electronics,11-02-2021,3729,164,161,611556,0,lll,YYYY
AU854,Cu-Wire,Electronics,17-01-2021,4205,107,579,449935,1,rta,CCCC
AU855,Motor,Electronics,04-03-2021,3016,150,211,452400,1,abc,AVALON
AU856,Capacitor,Electronics,17-10-2021,3255,214,425,696570,1,ucc,HGHY
AU857,Motor,Electronics,30-11-2021,3141,183,496,574803,0,gst,IIII
AU858,Torch,Electronics,23-04-2021,4367,211,197,921437,1,sms,SSSS
AU859,Stablizer,Electronics,10-02-2021,3419,148,370,506012,1,ijk,SSSS
AU860,Laptop,Electronics,10-07-2021,4572,209,569,955548,0,abc,HGHY
AU861,Cu-Wire,Electronics,16-01-2021,3118,119,205,371042,0,cvr,GREATBEAR ST BTX
AU862,Capacitor,Electronics,08-03-2021,3583,257,215,920831,0,ucv,AAAA
AU863,Socket,Electronics,31-05-2021,4179,275,308,1149225,0,pqr,XXXX
AU864,Cu-Wire,Electronics,27-05-2021,4548,275,493,1250700,0,pqr,HGHY
AU865,Capacitor,Electronics,02-04-2021,4025,296,561,1191400,0,cds,MEGATRON
AU866,Laptop,Electronics,11-02-2021,4782,197,487,942054,1,pqr,QJKH
AU867,Tube Light,Electronics,21-07-2021,4400,268,593,1179200,1,zzz,IIII
AU868,Torch,Electronics,23-11-2021,4976,267,344,1328592,1,sms,RRRR
AU869,Capacitor,Electronics,26-08-2021,3285,207,416,679995,1,zzz,AVALON
AU870,Tube Light,Electronics,03-07-2021,3734,162,592,604908,0,lsj,NBGY
AU871,Torch,Electronics,02-01-2021,3326,196,433,651896,1,lll,MNB
AU872,Tube Light,Electronics,14-12-2021,4245,104,152,441480,0,sms,IIII
AU873,Tube Light,Electronics,29-12-2021,4612,189,174,871668,0,sss,XXXX
AU874,Cu-Wire,Electronics,05-08-2021,4954,261,475,1292994,1,cvr,BEACHCOMBER
AU875,Laptop,Electronics,23-04-2021,3412,139,369,474268,1,ijk,AVALON
AU876,Motor,Electronics,02-06-2021,4467,247,501,1103349,0,lmn,XXXX
AU877,Motor,Electronics,07-04-2021,4147,239,186,991133,0,nop,KLAS
AU878,Socket,Electronics,06-04-2021,4062,164,239,666168,1,sss,FFFF
AU879,Socket,Electronics,05-11-2021,3678,165,448,606870,1,xyz,CCCC
AU880,LED,Electronics,14-08-2021,3828,228,495,872784,1,abc,YYYY
AU881,Cu-Wire,Electronics,22-02-2021,3860,196,319,756560,0,nyc,"
CASPIANBTX"
AU882,Socket,Electronics,26-07-2021,3805,294,226,1118670,0,cvr,EEEE
AU883,Tube Light,Electronics,11-07-2021,3532,113,326,399116,0,ucv,IIII
AU884,Capacitor,Electronics,02-08-2021,3408,261,378,889488,1,zzz,OUZX
AU885,Capacitor,Electronics,01-10-2021,4829,131,287,632599,0,ijk,BEACHCOMBER
AU886,Torch,Electronics,04-07-2021,4110,169,283,694590,0,ucv,FFFF
AU887,Torch,Electronics,17-02-2021,4816,141,388,679056,1,abc,HGHY
AU888,Motor,Electronics,05-03-2021,3135,240,570,752400,0,cvr,AAAA
AU889,Motor,Electronics,06-12-2021,4791,222,377,1063602,0,nyc,HGHY
AU890,Torch,Electronics,18-12-2021,3352,249,404,834648,0,dem,"
CASPIANBTX"
AU891,Cu-Wire,Electronics,27-08-2021,4602,181,195,832962,0,cds,TMSO
AU892,Stablizer,Electronics,26-04-2021,4364,173,179,754972,0,kmn,IIII
AU893,Laptop,Electronics,12-06-2021,4266,109,425,464994,0,xyz,QJKH
AU894,Cu-Wire,Electronics,10-10-2021,3304,190,477,627760,0,sms,BEACHCOMBER
AU895,Torch,Electronics,18-12-2021,3453,128,301,441984,0,art,FFFF
AU896,Laptop,Electronics,22-05-2021,4993,155,234,773915,1,zzz,OKLA
AU897,Cu-Wire,Electronics,30-01-2021,3245,295,539,957275,0,sas,AVALON
AU898,Capacitor,Electronics,05-05-2021,3359,117,381,393003,1,nop,TMSO
AU899,Motor,Electronics,04-06-2021,3108,189,454,587412,0,sas,AVALON
AU900,Atlas,Study/Books,20-03-2021,4311,171,495,737181,0,pqr,YYYY
AU901,Spectrum,Study/Books,31-12-2021,4734,182,237,861588,0,sss,PASM
AU902,Laxmikanth,Study/Books,11-04-2021,4158,246,190,1022868,1,sas,GREATBEAR ST BTX
AU903,Diary,Study/Books,10-12-2021,4340,176,154,763840,1,dem,AAAA
AU904,Atlas,Study/Books,09-03-2021,4339,287,430,1245293,1,dem,YYYY
AU905,Spectrum,Study/Books,21-06-2021,4456,250,410,1114000,0,abc,MNB
AU906,Scrap Book,Study/Books,06-07-2021,3051,257,286,784107,0,art,NBGY
AU907,Spectrum,Study/Books,28-09-2021,3344,233,275,779152,0,ucv,ZZZZ
AU908,Diary,Study/Books,12-06-2021,3742,124,439,464008,0,lll,RRRR
AU909,Globe,Study/Books,25-09-2021,4578,165,459,755370,0,ijk,RRRR
AU910,Globe,Study/Books,09-06-2021,3913,194,285,759122,0,zxc,PASM
AU911,Diary,Study/Books,16-11-2021,4974,276,178,1372824,0,lll,BEACHCOMBER
AU912,Laxmikanth,Study/Books,01-09-2021,4407,108,395,475956,0,ijk,OKLA
AU913,Spectrum,Study/Books,21-01-2021,4667,203,198,947401,0,gst,SSSS
AU914,Atlas,Study/Books,11-05-2021,4153,131,381,544043,1,cvr,AAAA
AU915,Scrap Book,Study/Books,19-01-2021,4261,133,212,566713,1,cds,BBBB
AU916,Laxmikanth,Study/Books,28-12-2021,4931,113,336,557203,0,ucc,NBGY
AU917,Spectrum,Study/Books,09-11-2021,3320,174,383,577680,1,zzz,NBGY
AU918,Laxmikanth,Study/Books,13-11-2021,4017,166,280,666822,1,ucv,ZZZZ
AU919,Diary,Study/Books,13-02-2021,4786,259,492,1239574,1,rta,BBBB
AU920,Laxmikanth,Study/Books,24-03-2021,3568,292,326,1041856,1,abc,OKLA
AU921,Scrap Book,Study/Books,16-11-2021,4080,140,563,571200,0,nyc,AVALON
AU922,Diary,Study/Books,07-06-2021,4493,128,348,575104,1,rta,PARKCITY
AU923,Laxmikanth,Study/Books,21-02-2021,3284,109,513,357956,1,pqr,SSSS
AU924,Globe,Study/Books,05-05-2021,3339,253,382,844767,0,sas,RRRR
AU925,Atlas,Study/Books,15-11-2021,4430,268,566,1187240,1,zxc,PARKCITY
AU926,Scrap Book,Study/Books,23-11-2021,4312,180,429,776160,0,sas,TMSO
AU927,Diary,Study/Books,27-11-2021,3149,133,303,418817,1,art,BBBB
AU928,Diary,Study/Books,18-02-2021,4504,133,184,599032,1,zzz,"
CASPIANBTX"
AU929,Laxmikanth,Study/Books,19-01-2021,3999,233,411,931767,1,lsj,AVALON
AU930,Scrap Book,Study/Books,30-05-2021,3513,270,305,948510,0,rta,NBGY
AU931,Scrap Book,Study/Books,30-08-2021,4256,248,477,1055488,1,xyz,PASM
AU932,Atlas,Study/Books,04-03-2021,3917,111,487,434787,0,ijk,DDDD
AU933,Diary,Study/Books,11-01-2021,4810,192,316,923520,1,ijk,PASM
AU934,Spectrum,Study/Books,19-03-2021,3106,140,475,434840,1,ucv,AVALON
AU935,Diary,Study/Books,01-11-2021,4763,247,260,1176461,0,lsj,"
CASPIANBTX"
AU936,Laxmikanth,Study/Books,06-01-2021,3963,155,251,614265,1,abc,TMSO
AU937,Scrap Book,Study/Books,06-05-2021,4367,169,230,738023,1,art,XXXX
AU938,Globe,Study/Books,04-05-2021,3752,135,227,506520,1,ucc,MEGATRON
AU939,Diary,Study/Books,19-10-2021,4725,299,354,1412775,0,nop,EEEE
AU940,Diary,Study/Books,28-02-2021,4846,173,279,838358,1,kmn,TMSO
AU941,Scrap Book,Study/Books,20-07-2021,3698,173,495,639754,0,rta,IIII
AU942,Globe,Study/Books,12-08-2021,4736,128,582,606208,0,gst,FFFF
AU943,Atlas,Study/Books,14-01-2021,4695,258,166,1211310,1,sms,FFFF
AU944,Diary,Study/Books,09-07-2021,3873,183,172,708759,0,xyz,PASM
AU945,Atlas,Study/Books,08-07-2021,4014,126,200,505764,0,ucv,MEGATRON
AU946,Diary,Study/Books,21-09-2021,4511,254,551,1145794,1,kmn,BEACHCOMBER
AU947,Spectrum,Study/Books,18-05-2021,4742,216,305,1024272,0,ucv,DINOBTX
AU948,Spectrum,Study/Books,16-08-2021,3915,278,286,1088370,1,zxc,"
CASPIANBTX"
AU949,Laxmikanth,Study/Books,14-12-2021,3906,105,432,410130,1,ucv,FFFF
AU950,Spectrum,Study/Books,19-07-2021,3026,227,488,686902,1,sas,RRRR
AU951,Spectrum,Study/Books,08-02-2021,3208,290,552,930320,0,nop,KLAS
AU952,Scrap Book,Study/Books,22-07-2021,3931,224,347,880544,0,ucc,ZZZZ
AU953,Atlas,Study/Books,12-08-2021,4766,226,428,1077116,1,cvr,TIGRISSFFBTX
AU954,Scrap Book,Study/Books,30-12-2021,3798,147,279,558306,1,sss,GREATBEAR ST BTX
AU955,Spectrum,Study/Books,04-12-2021,3423,139,534,475797,1,ijk,SSSS
AU956,Laxmikanth,Study/Books,09-10-2021,4374,257,426,1124118,0,lsj,NBGY
AU957,Scrap Book,Study/Books,09-01-2021,3735,249,453,930015,0,sas,FFFF
AU958,Laxmikanth,Study/Books,05-07-2021,3798,238,398,903924,1,lsj,RRRR
AU959,Atlas,Study/Books,27-02-2021,3117,160,164,498720,1,zzz,FFFF
AU960,Wallets,Apparel,21-03-2021,3498,215,313,752070,0,ucc,EEEE
AU961,Under Garments,Apparel,29-08-2021,4623,267,511,1234341,1,ijk,PASM
AU962,Belt(L),Apparel,04-06-2021,3893,191,230,743563,1,ucv,TIGRISSFFBTX
AU963,Belt(L),Apparel,17-05-2021,3384,272,443,920448,1,ijk,KLAS
AU964,Tie,Apparel,28-04-2021,3636,121,162,439956,0,cds,OKLA
AU965,Belt,Apparel,03-10-2021,3361,205,435,689005,1,kmn,PASM
AU966,Suitcase,Apparel,09-02-2021,3994,286,382,1142284,1,xyz,BEACHCOMBER
AU967,Skirts,Apparel,28-09-2021,3511,140,293,491540,0,kmn,QJKH
AU968,Belt,Apparel,16-03-2021,4084,134,239,547256,1,sas,KLAS
AU969,Belt(L),Apparel,11-02-2021,3729,101,168,376629,0,zxc,DDDD
AU970,Skirts,Apparel,30-10-2021,3892,195,490,758940,1,cvr,NBGY
AU971,Suitcase,Apparel,26-11-2021,4912,231,182,1134672,0,kmn,ZZZZ
AU972,Skirts,Apparel,17-08-2021,3473,233,387,809209,1,cds,PARKCITY
AU973,Wallets,Apparel,08-08-2021,3188,186,163,592968,1,abc,MNB
AU974,Suitcase,Apparel,14-07-2021,3236,280,433,906080,1,lll,BEACHCOMBER
AU975,Vests,Apparel,11-10-2021,4275,187,563,799425,1,lmn,BBBB
AU976,Tie,Apparel,18-11-2021,4976,182,191,905632,0,abc,SSSS
AU977,Belt(L),Apparel,02-03-2021,4687,169,210,792103,1,zzz,EEEE
AU978,Suitcase,Apparel,09-07-2021,3083,137,421,422371,1,kmn,PASM
AU979,Vanity,Apparel,07-10-2021,3217,206,322,662702,1,sss,FFFF
AU980,Wallets,Apparel,17-03-2021,3993,155,543,618915,0,xyz,ZZZZ
AU981,Wallets,Apparel,03-09-2021,4872,113,179,550536,1,cds,CCCC
AU982,Under Garments,Apparel,01-09-2021,4042,192,268,776064,0,cvr,KLAS
AU983,Tie,Apparel,06-08-2021,4124,103,541,424772,0,sss,PASM
AU984,Belt(L),Apparel,23-02-2021,3576,108,423,386208,1,sms,TMSO
AU985,Tie,Apparel,11-11-2021,4221,235,191,991935,0,lsj,NBGY
AU986,Vests,Apparel,22-01-2021,4724,109,511,514916,0,xyz,BBBB
AU987,Suitcase,Apparel,11-12-2021,4632,139,170,643848,1,zxc,OKLA
AU988,Tie,Apparel,11-11-2021,3209,134,505,430006,1,lll,MEGATRON
AU989,Shoes,Apparel,13-09-2021,4239,294,293,1246266,1,ucc,DDDD
AU990,Suitcase,Apparel,28-11-2021,4553,190,226,865070,0,lll,TMSO
AU991,Wallets,Apparel,06-11-2021,4483,126,325,564858,0,art,TMSO
AU992,Belt,Apparel,09-12-2021,4299,230,451,988770,1,xyz,AAAA
AU993,Tie,Apparel,30-04-2021,3033,136,573,412488,0,nop,OUZX
AU994,Vests,Apparel,03-01-2021,4208,114,474,479712,0,ijk,FFFF
AU995,Belt(L),Apparel,21-01-2021,3045,136,519,414120,0,ucc,OUZX
AU996,Tie,Apparel,04-09-2021,3152,166,316,523232,1,cds,CCCC
AU997,Vests,Apparel,17-06-2021,4235,120,435,508200,0,zxc,"
CASPIANBTX"
AU998,Wallets,Apparel,21-09-2021,3658,197,284,720626,1,sms,BBBB
AU999,Belt,Apparel,15-09-2021,3859,196,400,756364,1,abc,PASM
AU1000,Shoes,Apparel,26-03-2021,4606,254,466,1169924,1,dem,QJKH
AU1001,Shoes,Apparel,28-04-2021,4072,233,466,948776,1,ucv,DINOBTX
AU1002,Belt,Apparel,15-03-2021,3244,211,328,684484,0,zzz,YYYY
AU1003,Tie,Apparel,01-12-2021,4975,286,576,1422850,1,nop,IIII
AU1004,Belt,Apparel,18-01-2021,4820,227,513,1094140,1,zxc,XXXX
AU1005,Shoes,Apparel,22-08-2021,4039,177,155,714903,1,rta,MNB
AU1006,Belt(L),Apparel,07-09-2021,4892,132,556,645744,0,lmn,OUZX
AU1007,Tie,Apparel,04-10-2021,4563,273,478,1245699,1,sas,AAAA
AU1008,Belt,Apparel,02-02-2021,4608,120,516,552960,0,xyz,AVALON
AU1009,Cap,Apparel,23-11-2021,3550,229,551,812950,0,ucv,KLAS
AU1010,Handkerchief,Apparel,28-07-2021,4661,189,253,880929,0,abc,TIGRISSFFBTX
AU1011,Wallets,Apparel,18-07-2021,4914,100,428,491400,1,zzz,ZZZZ
AU1012,Belt(L),Apparel,01-08-2021,4577,221,461,1011517,0,zzz,FFFF
AU1013,Tie,Apparel,08-12-2021,3889,232,495,902248,1,xyz,DINOBTX
AU1014,Cap,Apparel,22-10-2021,4925,176,499,866800,0,xyz,SSSS
AU1015,Belt(L),Apparel,13-02-2021,3175,278,412,882650,0,ucc,AAAA
AU1016,Shoes,Apparel,16-06-2021,3476,299,219,1039324,1,ucv,KLAS
AU1017,Wallets,Apparel,23-07-2021,4359,139,229,605901,1,zzz,MEGATRON
AU1018,Handkerchief,Apparel,15-11-2021,3903,148,178,577644,1,nop,DINOBTX
AU1019,Handkerchief,Apparel,26-09-2021,4476,166,475,743016,1,lmn,HGHY
AU1020,Tie,Apparel,16-09-2021,4853,201,171,975453,0,ijk,BEACHCOMBER
AU1021,Handkerchief,Apparel,18-08-2021,4375,284,547,1242500,0,lsj,NBGY
AU1022,Tie,Apparel,08-01-2021,3263,107,582,349141,1,abc,KLAS
AU1023,Tie,Apparel,09-12-2021,4323,231,190,998613,0,cds,SSSS
AU1024,Wallets,Apparel,27-05-2021,4228,263,273,1111964,1,pqr,YYYY
AU1025,Tie,Apparel,27-05-2021,3169,275,252,871475,1,kmn,DINOBTX
AU1026,Tie,Apparel,23-12-2021,3342,163,542,544746,1,rta,PARKCITY
AU1027,Tie,Apparel,12-05-2021,3447,295,296,1016865,1,sss,OUZX
AU1028,Handkerchief,Apparel,16-05-2021,3177,288,500,914976,0,sms,DDDD
AU1029,Belt(L),Apparel,07-07-2021,4210,219,235,921990,0,nyc,BEACHCOMBER
AU1030,Tie,Apparel,21-07-2021,4448,114,457,507072,1,gst,HGHY
AU1031,Tie,Apparel,15-04-2021,3249,125,208,406125,1,kmn,MEGATRON
AU1032,Tie,Apparel,02-07-2021,3281,185,494,606985,0,ucv,MEGATRON
AU1033,Wallets,Apparel,25-03-2021,3750,234,153,877500,0,art,CCCC
AU1034,Handkerchief,Apparel,26-02-2021,4775,253,434,1208075,0,cds,IIII
AU1035,Cap,Apparel,26-05-2021,3903,255,510,995265,1,kmn,HGHY
AU1036,Shoes,Apparel,22-06-2021,4719,100,534,471900,0,zxc,TIGRISSFFBTX
AU1037,Tie,Apparel,22-01-2021,3089,216,159,667224,0,zxc,TMSO
AU1038,Handkerchief,Apparel,08-10-2021,3392,262,448,888704,0,cvr,EEEE
AU1039,Shoes,Apparel,30-07-2021,4280,122,285,522160,0,nop,QJKH
AU1040,Tie,Apparel,02-04-2021,4530,142,542,643260,0,cds,TMSO
AU1041,Belt(L),Apparel,19-03-2021,3767,287,159,1081129,1,sas,CCCC
AU1042,Tie,Apparel,17-02-2021,4980,155,585,771900,1,zxc,RRRR
AU1043,Handkerchief,Apparel,21-10-2021,3058,126,528,385308,1,kmn,"
CASPIANBTX"
AU1044,Belt(L),Apparel,26-03-2021,4691,219,226,1027329,0,ucv,YYYY
AU1045,Handkerchief,Apparel,25-01-2021,4657,297,550,1383129,0,ucc,HGHY
AU1046,Wallets,Apparel,04-12-2021,4513,171,476,771723,1,kmn,MEGATRON
AU1047,Shoes,Apparel,21-04-2021,3767,167,472,629089,0,lsj,PARKCITY
AU1048,Belt,Apparel,03-10-2021,3317,293,575,971881,1,zzz,XXXX
AU1049,Handkerchief,Apparel,25-05-2021,4989,284,502,1416876,1,nyc,XXXX
AU1050,Handkerchief,Apparel,07-05-2021,3751,246,182,922746,0,sms,DDDD
AU1051,Belt,Apparel,11-03-2021,3843,230,469,883890,0,rta,QJKH
AU1052,Cap,Apparel,06-05-2021,4833,265,407,1280745,0,ucv,KLAS
AU1053,Tie,Apparel,14-10-2021,4400,172,359,756800,1,gst,XXXX
AU1054,Cap,Apparel,31-12-2021,4429,227,522,1005383,0,sas,BEACHCOMBER
AU1055,Handkerchief,Apparel,03-08-2021,4458,270,488,1203660,1,lmn,YYYY
AU1056,Handkerchief,Apparel,16-02-2021,4046,298,395,1205708,0,abc,BEACHCOMBER
AU1057,Tie,Apparel,27-10-2021,3925,139,157,545575,0,ijk,AAAA
AU1058,Tie,Apparel,30-12-2021,3964,151,314,598564,0,art,YYYY
AU1059,Tie,Apparel,12-11-2021,4056,291,586,1180296,1,ucc,BBBB
AU1060,Tie,Apparel,25-09-2021,3262,234,221,763308,0,cvr,OUZX
AU1061,Belt,Apparel,11-07-2021,4139,262,330,1084418,0,ucc,NBGY
AU1062,Shoes,Apparel,29-08-2021,3374,205,446,691670,0,ijk,KLAS
AU1063,Belt,Apparel,04-01-2021,4203,196,290,823788,1,rta,FFFF
AU1064,Belt,Apparel,19-01-2021,4435,239,515,1059965,1,lmn,MNB
AU1065,Shoes,Apparel,24-09-2021,3281,260,213,853060,1,xyz,RRRR
AU1066,Shoes,Apparel,29-06-2021,3392,129,527,437568,0,sas,HGHY
AU1067,Cap,Apparel,18-11-2021,3346,237,576,793002,0,xyz,QJKH
AU1068,Cap,Apparel,23-10-2021,4885,134,268,654590,0,xyz,DDDD
AU1069,Handkerchief,Apparel,11-08-2021,4172,205,322,855260,0,cvr,MNB
AU1070,Belt(L),Apparel,06-03-2021,4003,173,457,692519,0,abc,DINOBTX
AU1071,Tie,Apparel,12-10-2021,4249,247,599,1049503,0,cvr,XXXX
AU1072,Tie,Apparel,06-03-2021,3519,235,172,826965,1,rta,IIII
AU1073,Belt,Apparel,08-03-2021,4895,127,253,621665,0,ucv,SSSS
AU1074,Wallets,Apparel,05-01-2021,3768,109,418,410712,1,cvr,IIII
AU1075,Wallets,Apparel,06-02-2021,4534,246,490,1115364,0,lmn,AVALON
AU1076,Tie,Apparel,21-05-2021,3203,230,409,736690,0,ucc,IIII
AU1077,Wallets,Apparel,06-08-2021,3991,147,393,586677,0,art,OKLA
AU1078,Cap,Apparel,16-07-2021,3173,270,281,856710,0,sas,OKLA
AU1079,Tie,Apparel,07-06-2021,3361,186,346,625146,0,kmn,CCCC
AU1080,Belt(L),Apparel,14-09-2021,4539,131,542,594609,0,dem,RRRR
AU1081,Handkerchief,Apparel,11-01-2021,4514,281,315,1268434,0,ijk,MNB
AU1082,Shoes,Apparel,19-07-2021,3372,218,276,735096,0,ucc,BBBB
AU1083,Handkerchief,Apparel,31-03-2021,3415,205,398,700075,0,sas,BEACHCOMBER
AU1084,Belt(L),Apparel,23-10-2021,3119,190,442,592610,0,sms,RRRR
AU1085,Cap,Apparel,23-09-2021,4191,180,266,754380,1,pqr,RRRR
AU1086,Handkerchief,Apparel,30-10-2021,3827,282,169,1079214,0,nyc,MEGATRON
AU1087,Wallets,Apparel,26-08-2021,3914,129,325,504906,1,nop,BEACHCOMBER
AU1088,Mug,Solid,02-11-2021,4701,270,332,1269270,1,sms,QJKH
AU1089,Tooth Brush,Solid,25-01-2021,3478,258,298,897324,0,sms,HGHY
AU1090,Bucket,Solid,19-02-2021,3575,184,587,657800,0,pqr,YYYY
AU1091,Soap Bar,Solid,06-01-2021,3262,118,583,384916,1,nyc,HGHY
AU1092,Soap Bar,Solid,05-06-2021,3754,136,212,510544,1,sss,BBBB
AU1093,Bucket,Solid,15-07-2021,4166,296,265,1233136,0,ucv,FFFF
AU1094,Tooth Brush,Solid,05-02-2021,3136,115,457,360640,0,gst,KLAS
AU1095,Mug,Solid,23-04-2021,3845,272,412,1045840,1,ijk,MEGATRON
AU1096,Soap Bar,Solid,25-12-2021,4395,250,427,1098750,1,sas,OUZX
AU1097,Mug,Solid,24-04-2021,3865,167,333,645455,0,sms,SSSS
AU1098,Mug,Solid,21-06-2021,4700,154,295,723800,1,lll,EEEE
AU1099,Mug,Solid,02-03-2021,3131,158,380,494698,1,cvr,XXXX
AU1100,Soap Bar,Solid,23-12-2021,3878,160,233,620480,0,gst,XXXX
